
CREATE TABLE state (
    id INTEGER PRIMARY KEY NOT NULL,
    name CHAR(50) NOT NULL
);

CREATE TABLE constituency (
    id INTEGER PRIMARY KEY NOT NULL,
    code CHAR(4) NOT NULL,
    name CHAR(50) NOT NULL,
    state_id INTEGER NOT NULL,
    incumbent CHAR(50) NOT NULL,
    eligible_voters INTEGER NOT NULL,
    malay_voters INTEGER NOT NULL,
    chinese_voters INTEGER NOT NULL,
    indian_voters INTEGER NOT NULL,
    others_voters INTEGER NOT NULL,
    muslim_bumi_voters INTEGER NOT NULL,
    non_muslim_bumi_voters INTEGER NOT NULL,
    latitude REAL NOT NULL,
    longitude REAL NOT NULL,
    FOREIGN KEY(state_id) REFERENCES state(id)
);

CREATE TABLE candidate (
    id INTEGER PRIMARY KEY NOT NULL,
    constituency_id INTEGER NOT NULL,
    name CHAR(100) NOT NULL,
    party CHAR(5) NOT NULL,
    coalition CHAR(5) NOT NULL,
    FOREIGN KEY(constituency_id) REFERENCES constituency(id)
);

CREATE TABLE result (
    id INTEGER PRIMARY KEY AUTOINCREMENT,
    constituency_id INTEGER NOT NULL,
    candidate_id INTEGER NOT NULL,
    votes INTEGER NOT NULL,
    votes_p REAL NOT NULL,
    winner INTEGER,
    majority INTEGER NOT NULL,
    FOREIGN KEY(constituency_id) REFERENCES constituency(id)
    FOREIGN KEY(candidate_id) REFERENCES candidate(id)
);

CREATE TABLE stat (
    constituency_id INTEGER NOT NULL,
    voter_turnout INTEGER NOT NULL,
    voter_turnout_p REAL NOT NULL,
    spoilt_votes INTEGER NOT NULL,
    spoilt_votes_p REAL NOT NULL,
    FOREIGN KEY(constituency_id) REFERENCES constituency(id)
);


INSERT INTO state (id, name) VALUES (0, "Perlis");
INSERT INTO candidate (id, constituency_id, name, party, coalition) VALUES (0, 1, "Zahidi Zainul Abidin", "UMNO", "BN");
INSERT INTO result (constituency_id, candidate_id, votes, votes_p, winner, majority) VALUES (1, 0, 21473, 59.6, 1, 7426);
INSERT INTO candidate (id, constituency_id, name, party, coalition) VALUES (1, 1, "Azamhari Mohamood", "PAS", "PR");
INSERT INTO result (constituency_id, candidate_id, votes, votes_p, winner, majority) VALUES (1, 1, 14047, 39.0, 0, 0);
INSERT INTO constituency (id, code, name, state_id, incumbent, eligible_voters, malay_voters, chinese_voters, indian_voters, others_voters, muslim_bumi_voters, non_muslim_bumi_voters, latitude, longitude) VALUES (1, "P001", "Padang Besar", 0, "Azmi Khalid (BN-UMNO)", 41974, 86, 9, 0, 4, 0, 0, 6.662622, 100.3216651);
INSERT INTO stat (constituency_id, voter_turnout, voter_turnout_p, spoilt_votes, spoilt_votes_p) VALUES (1, 36051, 85.9, 531, 1.3);
INSERT INTO candidate (id, constituency_id, name, party, coalition) VALUES (2, 2, "Shaharuddin Ismail", "UMNO", "BN");
INSERT INTO result (constituency_id, candidate_id, votes, votes_p, winner, majority) VALUES (2, 2, 23343, 53.9, 1, 4037);
INSERT INTO candidate (id, constituency_id, name, party, coalition) VALUES (3, 2, "Baharuddin Ahmad", "PAS", "PR");
INSERT INTO result (constituency_id, candidate_id, votes, votes_p, winner, majority) VALUES (2, 3, 19306, 44.6, 0, 0);
INSERT INTO constituency (id, code, name, state_id, incumbent, eligible_voters, malay_voters, chinese_voters, indian_voters, others_voters, muslim_bumi_voters, non_muslim_bumi_voters, latitude, longitude) VALUES (2, "P002", "Kangar", 0, "Mohd Radzi Sheikh Ahmad (BN-UMNO)", 51207, 81, 16, 2, 0, 0, 0, 6.440633, 100.1983709);
INSERT INTO stat (constituency_id, voter_turnout, voter_turnout_p, spoilt_votes, spoilt_votes_p) VALUES (2, 43316, 84.6, 667, 1.5);
INSERT INTO candidate (id, constituency_id, name, party, coalition) VALUES (4, 3, "Shahidan Kassim", "UMNO", "BN");
INSERT INTO result (constituency_id, candidate_id, votes, votes_p, winner, majority) VALUES (3, 4, 19376, 50.6, 1, 1371);
INSERT INTO candidate (id, constituency_id, name, party, coalition) VALUES (5, 3, "Haron Din", "PAS", "PR");
INSERT INTO result (constituency_id, candidate_id, votes, votes_p, winner, majority) VALUES (3, 5, 18005, 47.0, 0, 0);
INSERT INTO constituency (id, code, name, state_id, incumbent, eligible_voters, malay_voters, chinese_voters, indian_voters, others_voters, muslim_bumi_voters, non_muslim_bumi_voters, latitude, longitude) VALUES (3, "P003", "Arau", 0, "Ismail Kassim (BN-UMNO)", 43876, 88, 8, 0, 3, 0, 0, 6.429708, 100.2698471);
INSERT INTO stat (constituency_id, voter_turnout, voter_turnout_p, spoilt_votes, spoilt_votes_p) VALUES (3, 38312, 87.3, 525, 1.2);
INSERT INTO candidate (id, constituency_id, name, party, coalition) VALUES (6, 3, "Zainudin Yom", "IND", "IND");
INSERT INTO result (constituency_id, candidate_id, votes, votes_p, winner, majority) VALUES (3, 6, 406, 1.1, 0, 0);
INSERT INTO state (id, name) VALUES (1, "Kedah");
INSERT INTO candidate (id, constituency_id, name, party, coalition) VALUES (7, 4, "Nawawi Ahmad", "UMNO", "BN");
INSERT INTO result (constituency_id, candidate_id, votes, votes_p, winner, majority) VALUES (4, 7, 21407, 67.2, 1, 11861);
INSERT INTO candidate (id, constituency_id, name, party, coalition) VALUES (8, 4, "Ahmad Abdullah", "PKR", "PR");
INSERT INTO result (constituency_id, candidate_id, votes, votes_p, winner, majority) VALUES (4, 8, 9546, 29.9, 0, 0);
INSERT INTO constituency (id, code, name, state_id, incumbent, eligible_voters, malay_voters, chinese_voters, indian_voters, others_voters, muslim_bumi_voters, non_muslim_bumi_voters, latitude, longitude) VALUES (4, "P004", "Langkawi", 1, "Abu Bakar Taib (BN-UMNO)", 37536, 91, 6, 2, 0, 0, 0, 6.35, 99.8);
INSERT INTO stat (constituency_id, voter_turnout, voter_turnout_p, spoilt_votes, spoilt_votes_p) VALUES (4, 31877, 84.9, 744, 2.0);
INSERT INTO candidate (id, constituency_id, name, party, coalition) VALUES (9, 4, "Marina Hussein", "IND", "IND");
INSERT INTO result (constituency_id, candidate_id, votes, votes_p, winner, majority) VALUES (4, 9, 180, 0.6, 0, 0);
INSERT INTO candidate (id, constituency_id, name, party, coalition) VALUES (10, 5, "Othman Aziz", "UMNO", "BN");
INSERT INTO result (constituency_id, candidate_id, votes, votes_p, winner, majority) VALUES (5, 10, 24161, 52.8, 1, 3270);
INSERT INTO candidate (id, constituency_id, name, party, coalition) VALUES (11, 5, "Ismail Salleh", "PAS", "PR");
INSERT INTO result (constituency_id, candidate_id, votes, votes_p, winner, majority) VALUES (5, 11, 20891, 45.6, 0, 0);
INSERT INTO constituency (id, code, name, state_id, incumbent, eligible_voters, malay_voters, chinese_voters, indian_voters, others_voters, muslim_bumi_voters, non_muslim_bumi_voters, latitude, longitude) VALUES (5, "P005", "Jerlun", 1, "Mukhriz Mahathir (BN-UMNO)", 52383, 91, 8, 0, 2, 0, 0, 6.2329933, 100.2487967);
INSERT INTO stat (constituency_id, voter_turnout, voter_turnout_p, spoilt_votes, spoilt_votes_p) VALUES (5, 45782, 87.4, 730, 1.4);
INSERT INTO candidate (id, constituency_id, name, party, coalition) VALUES (12, 6, "Mohd Johari Baharum", "UMNO", "BN");
INSERT INTO result (constituency_id, candidate_id, votes, votes_p, winner, majority) VALUES (6, 12, 33334, 58.4, 1, 10444);
INSERT INTO candidate (id, constituency_id, name, party, coalition) VALUES (13, 6, "Mohd Jamal Nasir", "PAS", "PR");
INSERT INTO result (constituency_id, candidate_id, votes, votes_p, winner, majority) VALUES (6, 13, 22890, 40.1, 0, 0);
INSERT INTO constituency (id, code, name, state_id, incumbent, eligible_voters, malay_voters, chinese_voters, indian_voters, others_voters, muslim_bumi_voters, non_muslim_bumi_voters, latitude, longitude) VALUES (6, "P006", "Kubang Pasu", 1, "Mohd Johari Baharum (BN-UMNO)", 65550, 86, 9, 4, 0, 0, 0, 6.2673351, 100.4258312);
INSERT INTO stat (constituency_id, voter_turnout, voter_turnout_p, spoilt_votes, spoilt_votes_p) VALUES (6, 57058, 87.0, 834, 1.3);
INSERT INTO candidate (id, constituency_id, name, party, coalition) VALUES (14, 7, "Mahdzir Khalid", "UMNO", "BN");
INSERT INTO result (constituency_id, candidate_id, votes, votes_p, winner, majority) VALUES (7, 14, 20654, 54.6, 1, 4442);
INSERT INTO candidate (id, constituency_id, name, party, coalition) VALUES (15, 7, "Mohd Nasir Zakaria", "PAS", "PR");
INSERT INTO result (constituency_id, candidate_id, votes, votes_p, winner, majority) VALUES (7, 15, 16212, 42.9, 0, 0);
INSERT INTO constituency (id, code, name, state_id, incumbent, eligible_voters, malay_voters, chinese_voters, indian_voters, others_voters, muslim_bumi_voters, non_muslim_bumi_voters, latitude, longitude) VALUES (7, "P007", "Padang Terap", 1, "Mohd Nasir Zakaria (PR-PAS)", 41960, 92, 1, 0, 6, 0, 0, 6.2567642, 100.6110339);
INSERT INTO stat (constituency_id, voter_turnout, voter_turnout_p, spoilt_votes, spoilt_votes_p) VALUES (7, 37800, 90.1, 691, 1.6);
INSERT INTO candidate (id, constituency_id, name, party, coalition) VALUES (16, 7, "Muhamad Bazli Abdullah", "IND", "IND");
INSERT INTO result (constituency_id, candidate_id, votes, votes_p, winner, majority) VALUES (7, 16, 243, 0.6, 0, 0);
INSERT INTO candidate (id, constituency_id, name, party, coalition) VALUES (17, 8, "Mahfuz Omar", "PAS", "PR");
INSERT INTO result (constituency_id, candidate_id, votes, votes_p, winner, majority) VALUES (8, 17, 36198, 52.2, 1, 3935);
INSERT INTO candidate (id, constituency_id, name, party, coalition) VALUES (18, 8, "Shahlan Ismail", "UMNO", "BN");
INSERT INTO result (constituency_id, candidate_id, votes, votes_p, winner, majority) VALUES (8, 18, 32263, 46.5, 0, 0);
INSERT INTO constituency (id, code, name, state_id, incumbent, eligible_voters, malay_voters, chinese_voters, indian_voters, others_voters, muslim_bumi_voters, non_muslim_bumi_voters, latitude, longitude) VALUES (8, "P008", "Pokok Sena", 1, "Mahfuz Omar (PR-PAS)", 80714, 80, 18, 2, 0, 0, 0, 6.167317, 100.519358);
INSERT INTO stat (constituency_id, voter_turnout, voter_turnout_p, spoilt_votes, spoilt_votes_p) VALUES (8, 69309, 85.9, 848, 1.1);
INSERT INTO candidate (id, constituency_id, name, party, coalition) VALUES (19, 9, "Gooi Hsiao Leung", "PKR", "PR");
INSERT INTO result (constituency_id, candidate_id, votes, votes_p, winner, majority) VALUES (9, 19, 27364, 47.4, 1, 1873);
INSERT INTO candidate (id, constituency_id, name, party, coalition) VALUES (20, 9, "Chor Chee Heung", "MCA", "BN");
INSERT INTO result (constituency_id, candidate_id, votes, votes_p, winner, majority) VALUES (9, 20, 25491, 44.2, 0, 0);
INSERT INTO constituency (id, code, name, state_id, incumbent, eligible_voters, malay_voters, chinese_voters, indian_voters, others_voters, muslim_bumi_voters, non_muslim_bumi_voters, latitude, longitude) VALUES (9, "P009", "Alor Setar", 1, "Chor Chee Heung (BN-MCA)", 69009, 61, 34, 5, 0, 0, 0, 6.1248, 100.3678178);
INSERT INTO stat (constituency_id, voter_turnout, voter_turnout_p, spoilt_votes, spoilt_votes_p) VALUES (9, 57712, 83.6, 1070, 1.6);
INSERT INTO candidate (id, constituency_id, name, party, coalition) VALUES (21, 9, "Abdul Fisol Mohd Isa", "BERJASA", "BERJASA");
INSERT INTO result (constituency_id, candidate_id, votes, votes_p, winner, majority) VALUES (9, 21, 3530, 6.1, 0, 0);
INSERT INTO candidate (id, constituency_id, name, party, coalition) VALUES (22, 9, "Jawahar Raja Abdul Wahid", "MUPP", "MUPP");
INSERT INTO result (constituency_id, candidate_id, votes, votes_p, winner, majority) VALUES (9, 22, 257, 0.4, 0, 0);
INSERT INTO candidate (id, constituency_id, name, party, coalition) VALUES (23, 10, "Azman Ismail", "PKR", "PR");
INSERT INTO result (constituency_id, candidate_id, votes, votes_p, winner, majority) VALUES (10, 23, 42870, 52.3, 1, 4947);
INSERT INTO candidate (id, constituency_id, name, party, coalition) VALUES (24, 10, "Zaki Zamani Abd Rashid", "UMNO", "BN");
INSERT INTO result (constituency_id, candidate_id, votes, votes_p, winner, majority) VALUES (10, 24, 37923, 46.2, 0, 0);
INSERT INTO constituency (id, code, name, state_id, incumbent, eligible_voters, malay_voters, chinese_voters, indian_voters, others_voters, muslim_bumi_voters, non_muslim_bumi_voters, latitude, longitude) VALUES (10, "P010", "Kuala Kedah", 1, "Ahmad Kassim (PR-PKR)", 95328, 78, 21, 1, 0, 0, 0, 6.105552, 100.291428);
INSERT INTO stat (constituency_id, voter_turnout, voter_turnout_p, spoilt_votes, spoilt_votes_p) VALUES (10, 82005, 86.0, 1212, 1.3);
INSERT INTO candidate (id, constituency_id, name, party, coalition) VALUES (25, 11, "Othman Abdul", "UMNO", "BN");
INSERT INTO result (constituency_id, candidate_id, votes, votes_p, winner, majority) VALUES (11, 25, 32165, 51.5, 1, 2638);
INSERT INTO candidate (id, constituency_id, name, party, coalition) VALUES (26, 11, "Mohamad Sabu", "PAS", "PR");
INSERT INTO result (constituency_id, candidate_id, votes, votes_p, winner, majority) VALUES (11, 26, 29527, 47.3, 0, 0);
INSERT INTO constituency (id, code, name, state_id, incumbent, eligible_voters, malay_voters, chinese_voters, indian_voters, others_voters, muslim_bumi_voters, non_muslim_bumi_voters, latitude, longitude) VALUES (11, "P011", "Pendang", 1, "Mohd Hayati Othman (PR-PAS)", 70135, 88, 6, 0, 6, 0, 0, 5.993039, 100.4773388);
INSERT INTO stat (constituency_id, voter_turnout, voter_turnout_p, spoilt_votes, spoilt_votes_p) VALUES (11, 62451, 89.0, 759, 1.1);
INSERT INTO candidate (id, constituency_id, name, party, coalition) VALUES (27, 12, "Jamil Khir Baharom", "UMNO", "BN");
INSERT INTO result (constituency_id, candidate_id, votes, votes_p, winner, majority) VALUES (12, 27, 32429, 50.2, 1, 1196);
INSERT INTO candidate (id, constituency_id, name, party, coalition) VALUES (28, 12, "Mohd Firdaus Jaafar", "PAS", "PR");
INSERT INTO result (constituency_id, candidate_id, votes, votes_p, winner, majority) VALUES (12, 28, 31233, 48.3, 0, 0);
INSERT INTO constituency (id, code, name, state_id, incumbent, eligible_voters, malay_voters, chinese_voters, indian_voters, others_voters, muslim_bumi_voters, non_muslim_bumi_voters, latitude, longitude) VALUES (12, "P012", "Jerai", 1, "Mohd Firdaus Jaafar (PR-PAS)", 74410, 79, 15, 6, 0, 0, 0, 5.6406597, 100.4864398);
INSERT INTO stat (constituency_id, voter_turnout, voter_turnout_p, spoilt_votes, spoilt_votes_p) VALUES (12, 64614, 86.8, 952, 1.3);
INSERT INTO candidate (id, constituency_id, name, party, coalition) VALUES (29, 13, "Mansor Abd Rahman", "UMNO", "BN");
INSERT INTO result (constituency_id, candidate_id, votes, votes_p, winner, majority) VALUES (13, 29, 22084, 52.6, 1, 2807);
INSERT INTO candidate (id, constituency_id, name, party, coalition) VALUES (30, 13, "Che Uda Che Nik", "PAS", "PR");
INSERT INTO result (constituency_id, candidate_id, votes, votes_p, winner, majority) VALUES (13, 30, 19277, 45.9, 0, 0);
INSERT INTO constituency (id, code, name, state_id, incumbent, eligible_voters, malay_voters, chinese_voters, indian_voters, others_voters, muslim_bumi_voters, non_muslim_bumi_voters, latitude, longitude) VALUES (13, "P013", "Sik", 1, "Che Uda Che Nik (PR-PAS)", 46786, 93, 2, 0, 5, 0, 0, 5.818345, 100.743021);
INSERT INTO stat (constituency_id, voter_turnout, voter_turnout_p, spoilt_votes, spoilt_votes_p) VALUES (13, 41992, 89.8, 631, 1.3);
INSERT INTO candidate (id, constituency_id, name, party, coalition) VALUES (31, 14, "Ismail Daut", "UMNO", "BN");
INSERT INTO result (constituency_id, candidate_id, votes, votes_p, winner, majority) VALUES (14, 31, 38538, 51.9, 1, 4122);
INSERT INTO candidate (id, constituency_id, name, party, coalition) VALUES (32, 14, "Nor Azrina Surip", "PKR", "PR");
INSERT INTO result (constituency_id, candidate_id, votes, votes_p, winner, majority) VALUES (14, 32, 34416, 46.3, 0, 0);
INSERT INTO constituency (id, code, name, state_id, incumbent, eligible_voters, malay_voters, chinese_voters, indian_voters, others_voters, muslim_bumi_voters, non_muslim_bumi_voters, latitude, longitude) VALUES (14, "P014", "Merbok", 1, "Rashid Din (PR-PKR)", 85908, 65, 17, 18, 0, 0, 0, 5.7005238, 100.4201042);
INSERT INTO stat (constituency_id, voter_turnout, voter_turnout_p, spoilt_votes, spoilt_votes_p) VALUES (14, 74294, 86.5, 1340, 1.5);
INSERT INTO candidate (id, constituency_id, name, party, coalition) VALUES (33, 15, "Johari Abdul", "PKR", "PR");
INSERT INTO result (constituency_id, candidate_id, votes, votes_p, winner, majority) VALUES (15, 33, 44194, 54.7, 1, 9548);
INSERT INTO candidate (id, constituency_id, name, party, coalition) VALUES (34, 15, "Syamsyul Anuar Che Mey @ Ismail", "UMNO", "BN");
INSERT INTO result (constituency_id, candidate_id, votes, votes_p, winner, majority) VALUES (15, 34, 34646, 42.9, 0, 0);
INSERT INTO constituency (id, code, name, state_id, incumbent, eligible_voters, malay_voters, chinese_voters, indian_voters, others_voters, muslim_bumi_voters, non_muslim_bumi_voters, latitude, longitude) VALUES (15, "P015", "Sungai Petani", 1, "Johari Abdul (PR-PKR)", 93176, 59, 29, 12, 0, 0, 0, 5.643589, 100.4894179);
INSERT INTO stat (constituency_id, voter_turnout, voter_turnout_p, spoilt_votes, spoilt_votes_p) VALUES (15, 80771, 86.7, 959, 1.0);
INSERT INTO candidate (id, constituency_id, name, party, coalition) VALUES (35, 15, "Ong Wei Sin", "IND", "IND");
INSERT INTO result (constituency_id, candidate_id, votes, votes_p, winner, majority) VALUES (15, 35, 772, 1.0, 0, 0);
INSERT INTO candidate (id, constituency_id, name, party, coalition) VALUES (36, 15, "Suhaimi Hashim", "KITA", "KITA");
INSERT INTO result (constituency_id, candidate_id, votes, votes_p, winner, majority) VALUES (15, 36, 200, 0.2, 0, 0);
INSERT INTO candidate (id, constituency_id, name, party, coalition) VALUES (37, 16, "Abdul Azeez Abdul Rahim", "UMNO", "BN");
INSERT INTO result (constituency_id, candidate_id, votes, votes_p, winner, majority) VALUES (16, 37, 43504, 52.5, 1, 5185);
INSERT INTO candidate (id, constituency_id, name, party, coalition) VALUES (38, 16, "Najmi Ahmad", "PAS", "PR");
INSERT INTO result (constituency_id, candidate_id, votes, votes_p, winner, majority) VALUES (16, 38, 38319, 46.2, 0, 0);
INSERT INTO constituency (id, code, name, state_id, incumbent, eligible_voters, malay_voters, chinese_voters, indian_voters, others_voters, muslim_bumi_voters, non_muslim_bumi_voters, latitude, longitude) VALUES (16, "P016", "Baling", 1, "Taib Azamudden Md Taib (PR-PAS)", 93168, 89, 5, 5, 0, 0, 0, 5.675547, 100.9168139);
INSERT INTO stat (constituency_id, voter_turnout, voter_turnout_p, spoilt_votes, spoilt_votes_p) VALUES (16, 82914, 89.0, 1091, 1.2);
INSERT INTO candidate (id, constituency_id, name, party, coalition) VALUES (39, 17, "Surendran Nagarajan", "PKR", "PR");
INSERT INTO result (constituency_id, candidate_id, votes, votes_p, winner, majority) VALUES (17, 39, 34151, 53.0, 1, 8437);
INSERT INTO candidate (id, constituency_id, name, party, coalition) VALUES (40, 17, "Heng Seai Kie", "MCA", "BN");
INSERT INTO result (constituency_id, candidate_id, votes, votes_p, winner, majority) VALUES (17, 40, 25714, 39.9, 0, 0);
INSERT INTO constituency (id, code, name, state_id, incumbent, eligible_voters, malay_voters, chinese_voters, indian_voters, others_voters, muslim_bumi_voters, non_muslim_bumi_voters, latitude, longitude) VALUES (17, "P017", "Padang Serai", 1, "Gobalakrishnan Nagapan (IND)", 74095, 56, 23, 21, 0, 0, 0, 5.512507, 100.555641);
INSERT INTO stat (constituency_id, voter_turnout, voter_turnout_p, spoilt_votes, spoilt_votes_p) VALUES (17, 64387, 86.9, 1223, 1.7);
INSERT INTO candidate (id, constituency_id, name, party, coalition) VALUES (41, 17, "Hamidi Abu Hassan", "BERJASA", "BERJASA");
INSERT INTO result (constituency_id, candidate_id, votes, votes_p, winner, majority) VALUES (17, 41, 2630, 4.1, 0, 0);
INSERT INTO candidate (id, constituency_id, name, party, coalition) VALUES (42, 17, "Gobalakrishnan Nagapan", "IND", "IND");
INSERT INTO result (constituency_id, candidate_id, votes, votes_p, winner, majority) VALUES (17, 42, 390, 0.6, 0, 0);
INSERT INTO candidate (id, constituency_id, name, party, coalition) VALUES (43, 17, "Othman Wawi", "IND", "IND");
INSERT INTO result (constituency_id, candidate_id, votes, votes_p, winner, majority) VALUES (17, 43, 279, 0.4, 0, 0);
INSERT INTO candidate (id, constituency_id, name, party, coalition) VALUES (44, 18, "Abdul Aziz Sheikh Fadzir", "UMNO", "BN");
INSERT INTO result (constituency_id, candidate_id, votes, votes_p, winner, majority) VALUES (18, 44, 26782, 51.0, 1, 1871);
INSERT INTO candidate (id, constituency_id, name, party, coalition) VALUES (45, 18, "Saifuddin Nasution Ismail", "PKR", "PR");
INSERT INTO result (constituency_id, candidate_id, votes, votes_p, winner, majority) VALUES (18, 45, 24911, 47.4, 0, 0);
INSERT INTO constituency (id, code, name, state_id, incumbent, eligible_voters, malay_voters, chinese_voters, indian_voters, others_voters, muslim_bumi_voters, non_muslim_bumi_voters, latitude, longitude) VALUES (18, "P018", "Kulim-Bandar Baharu", 1, "Zulkifli Nordin (IND)", 60910, 68, 19, 13, 0, 0, 0, 5.36954, 100.553337);
INSERT INTO stat (constituency_id, voter_turnout, voter_turnout_p, spoilt_votes, spoilt_votes_p) VALUES (18, 52532, 86.2, 839, 1.4);
INSERT INTO state (id, name) VALUES (2, "Kelantan");
INSERT INTO candidate (id, constituency_id, name, party, coalition) VALUES (46, 19, "Kamaruddin Jaafar", "PAS", "PR");
INSERT INTO result (constituency_id, candidate_id, votes, votes_p, winner, majority) VALUES (19, 46, 46191, 55.8, 1, 10704);
INSERT INTO candidate (id, constituency_id, name, party, coalition) VALUES (47, 19, "Mansor Salleh", "UMNO", "BN");
INSERT INTO result (constituency_id, candidate_id, votes, votes_p, winner, majority) VALUES (19, 47, 35487, 42.9, 0, 0);
INSERT INTO constituency (id, code, name, state_id, incumbent, eligible_voters, malay_voters, chinese_voters, indian_voters, others_voters, muslim_bumi_voters, non_muslim_bumi_voters, latitude, longitude) VALUES (19, "P019", "Tumpat", 2, "Kamaruddin Jaafar (PR-PAS)", 98632, 93, 3, 0, 4, 0, 0, 6.199069, 102.169372);
INSERT INTO stat (constituency_id, voter_turnout, voter_turnout_p, spoilt_votes, spoilt_votes_p) VALUES (19, 82764, 83.9, 1086, 1.1);
INSERT INTO candidate (id, constituency_id, name, party, coalition) VALUES (48, 20, "Chepa Izani Husin", "PAS", "PR");
INSERT INTO result (constituency_id, candidate_id, votes, votes_p, winner, majority) VALUES (20, 48, 34617, 63.2, 1, 15120);
INSERT INTO candidate (id, constituency_id, name, party, coalition) VALUES (49, 20, "Dali Husin", "UMNO", "BN");
INSERT INTO result (constituency_id, candidate_id, votes, votes_p, winner, majority) VALUES (20, 49, 19497, 35.6, 0, 0);
INSERT INTO constituency (id, code, name, state_id, incumbent, eligible_voters, malay_voters, chinese_voters, indian_voters, others_voters, muslim_bumi_voters, non_muslim_bumi_voters, latitude, longitude) VALUES (20, "P020", "Pengkalan", 2, "Abdul Halim Abdul Rahman (PR-PAS)", 64409, 98, 2, 0, 0, 0, 0, 2.3780565, 102.220585);
INSERT INTO stat (constituency_id, voter_turnout, voter_turnout_p, spoilt_votes, spoilt_votes_p) VALUES (20, 54797, 85.1, 683, 1.1);
INSERT INTO candidate (id, constituency_id, name, party, coalition) VALUES (50, 21, "Takiyuddin Hassan", "PAS", "PR");
INSERT INTO result (constituency_id, candidate_id, votes, votes_p, winner, majority) VALUES (21, 50, 40620, 61.5, 1, 15970);
INSERT INTO candidate (id, constituency_id, name, party, coalition) VALUES (51, 21, "Mohamad Fatmi Che Salleh", "UMNO", "BN");
INSERT INTO result (constituency_id, candidate_id, votes, votes_p, winner, majority) VALUES (21, 51, 24650, 37.3, 0, 0);
INSERT INTO constituency (id, code, name, state_id, incumbent, eligible_voters, malay_voters, chinese_voters, indian_voters, others_voters, muslim_bumi_voters, non_muslim_bumi_voters, latitude, longitude) VALUES (21, "P021", "Kota Bharu", 2, "Wan Abdul Rahim Wan Abdullah (PR-PAS)", 81268, 83, 16, 1, 0, 0, 0, 6.1167855, 102.2776838);
INSERT INTO stat (constituency_id, voter_turnout, voter_turnout_p, spoilt_votes, spoilt_votes_p) VALUES (21, 66084, 81.3, 666, 0.8);
INSERT INTO candidate (id, constituency_id, name, party, coalition) VALUES (52, 21, "Mohd Zakiman Abu Bakar", "IND", "IND");
INSERT INTO result (constituency_id, candidate_id, votes, votes_p, winner, majority) VALUES (21, 52, 148, 0.2, 0, 0);
INSERT INTO candidate (id, constituency_id, name, party, coalition) VALUES (53, 22, "Nik Mohamad Abduh Nik Abdul Aziz", "PAS", "PR");
INSERT INTO result (constituency_id, candidate_id, votes, votes_p, winner, majority) VALUES (22, 53, 33431, 55.8, 1, 8047);
INSERT INTO candidate (id, constituency_id, name, party, coalition) VALUES (54, 22, "Ibrahim Ali", "IND", "IND");
INSERT INTO result (constituency_id, candidate_id, votes, votes_p, winner, majority) VALUES (22, 54, 25384, 42.4, 0, 0);
INSERT INTO constituency (id, code, name, state_id, incumbent, eligible_voters, malay_voters, chinese_voters, indian_voters, others_voters, muslim_bumi_voters, non_muslim_bumi_voters, latitude, longitude) VALUES (22, "P022", "Pasir Mas", 2, "Ibrahim Ali (IND)", 71965, 97, 3, 0, 0, 0, 0, 6.042412, 102.142782);
INSERT INTO stat (constituency_id, voter_turnout, voter_turnout_p, spoilt_votes, spoilt_votes_p) VALUES (22, 59930, 83.3, 1115, 1.5);
INSERT INTO candidate (id, constituency_id, name, party, coalition) VALUES (55, 23, "Siti Zailah Mohd Yusoff", "PAS", "PR");
INSERT INTO result (constituency_id, candidate_id, votes, votes_p, winner, majority) VALUES (23, 55, 23767, 56.9, 1, 6362);
INSERT INTO candidate (id, constituency_id, name, party, coalition) VALUES (56, 23, "Ghazali Ismail", "UMNO", "BN");
INSERT INTO result (constituency_id, candidate_id, votes, votes_p, winner, majority) VALUES (23, 56, 17405, 41.6, 0, 0);
INSERT INTO constituency (id, code, name, state_id, incumbent, eligible_voters, malay_voters, chinese_voters, indian_voters, others_voters, muslim_bumi_voters, non_muslim_bumi_voters, latitude, longitude) VALUES (23, "P023", "Rantau Panjang", 2, "Siti Zailah Mohd Yusoff (PR-PAS)", 52903, 98, 1, 0, 1, 0, 0, 6.022469, 101.976552);
INSERT INTO stat (constituency_id, voter_turnout, voter_turnout_p, spoilt_votes, spoilt_votes_p) VALUES (23, 41804, 79.0, 632, 1.2);
INSERT INTO candidate (id, constituency_id, name, party, coalition) VALUES (57, 24, "Ahmad Baihaki Atiqullah", "PAS", "PR");
INSERT INTO result (constituency_id, candidate_id, votes, votes_p, winner, majority) VALUES (24, 57, 35510, 64.7, 1, 16741);
INSERT INTO candidate (id, constituency_id, name, party, coalition) VALUES (58, 24, "Anuar Safian", "UMNO", "BN");
INSERT INTO result (constituency_id, candidate_id, votes, votes_p, winner, majority) VALUES (24, 58, 18769, 34.2, 0, 0);
INSERT INTO constituency (id, code, name, state_id, incumbent, eligible_voters, malay_voters, chinese_voters, indian_voters, others_voters, muslim_bumi_voters, non_muslim_bumi_voters, latitude, longitude) VALUES (24, "P024", "Kubang Kerian", 2, "Salahuddin Ayub (PR-PAS)", 65390, 98, 2, 0, 0, 0, 0, 6.091547, 102.2783749);
INSERT INTO stat (constituency_id, voter_turnout, voter_turnout_p, spoilt_votes, spoilt_votes_p) VALUES (24, 54884, 83.9, 605, 0.9);
INSERT INTO candidate (id, constituency_id, name, party, coalition) VALUES (59, 25, "Ahmad Marzuk Shaary", "PAS", "PR");
INSERT INTO result (constituency_id, candidate_id, votes, votes_p, winner, majority) VALUES (25, 59, 35419, 49.5, 1, 201);
INSERT INTO candidate (id, constituency_id, name, party, coalition) VALUES (60, 25, "Awang Adek Hussin", "UMNO", "BN");
INSERT INTO result (constituency_id, candidate_id, votes, votes_p, winner, majority) VALUES (25, 60, 35218, 49.2, 0, 0);
INSERT INTO constituency (id, code, name, state_id, incumbent, eligible_voters, malay_voters, chinese_voters, indian_voters, others_voters, muslim_bumi_voters, non_muslim_bumi_voters, latitude, longitude) VALUES (25, "P025", "Bachok", 2, "Nasharudin Mat Isa (PR-PAS)", 81566, 99, 1, 0, 0, 0, 0, 6.069586, 102.397185);
INSERT INTO stat (constituency_id, voter_turnout, voter_turnout_p, spoilt_votes, spoilt_votes_p) VALUES (25, 71584, 87.8, 947, 1.2);
INSERT INTO candidate (id, constituency_id, name, party, coalition) VALUES (61, 26, "Annuar Musa", "UMNO", "BN");
INSERT INTO result (constituency_id, candidate_id, votes, votes_p, winner, majority) VALUES (26, 61, 26912, 50.1, 1, 974);
INSERT INTO candidate (id, constituency_id, name, party, coalition) VALUES (62, 26, "Abdul Aziz Abdul Kadir", "PKR", "PR");
INSERT INTO result (constituency_id, candidate_id, votes, votes_p, winner, majority) VALUES (26, 62, 25938, 48.3, 0, 0);
INSERT INTO constituency (id, code, name, state_id, incumbent, eligible_voters, malay_voters, chinese_voters, indian_voters, others_voters, muslim_bumi_voters, non_muslim_bumi_voters, latitude, longitude) VALUES (26, "P026", "Ketereh", 2, "Abdul Aziz Abdul Kadir (PR-PKR)", 62217, 97, 2, 0, 1, 0, 0, 5.957974, 102.249882);
INSERT INTO stat (constituency_id, voter_turnout, voter_turnout_p, spoilt_votes, spoilt_votes_p) VALUES (26, 53726, 86.4, 876, 1.4);
INSERT INTO candidate (id, constituency_id, name, party, coalition) VALUES (63, 27, "Ikmal Hisham Abdul Aziz", "UMNO", "BN");
INSERT INTO result (constituency_id, candidate_id, votes, votes_p, winner, majority) VALUES (27, 63, 26505, 53.1, 1, 4227);
INSERT INTO candidate (id, constituency_id, name, party, coalition) VALUES (64, 27, "Nik Mahmood Nik Hassan", "PKR", "PR");
INSERT INTO result (constituency_id, candidate_id, votes, votes_p, winner, majority) VALUES (27, 64, 22278, 44.7, 0, 0);
INSERT INTO constituency (id, code, name, state_id, incumbent, eligible_voters, malay_voters, chinese_voters, indian_voters, others_voters, muslim_bumi_voters, non_muslim_bumi_voters, latitude, longitude) VALUES (27, "P027", "Tanah Merah", 2, "Amran Abdul Ghani (PR-PKR)", 58237, 95, 4, 1, 0, 0, 0, 5.808887, 102.1470772);
INSERT INTO stat (constituency_id, voter_turnout, voter_turnout_p, spoilt_votes, spoilt_votes_p) VALUES (27, 49872, 85.6, 876, 1.5);
INSERT INTO candidate (id, constituency_id, name, party, coalition) VALUES (65, 27, "Ahmad Fizal Che Harun", "IND", "IND");
INSERT INTO result (constituency_id, candidate_id, votes, votes_p, winner, majority) VALUES (27, 65, 213, 0.4, 0, 0);
INSERT INTO candidate (id, constituency_id, name, party, coalition) VALUES (66, 28, "Nik Mazian Nik Mohamad", "PAS", "PR");
INSERT INTO result (constituency_id, candidate_id, votes, votes_p, winner, majority) VALUES (28, 66, 33579, 50.8, 1, 1888);
INSERT INTO candidate (id, constituency_id, name, party, coalition) VALUES (67, 28, "Tuan Mustaffa Tuan Mat", "UMNO", "BN");
INSERT INTO result (constituency_id, candidate_id, votes, votes_p, winner, majority) VALUES (28, 67, 31691, 48.0, 0, 0);
INSERT INTO constituency (id, code, name, state_id, incumbent, eligible_voters, malay_voters, chinese_voters, indian_voters, others_voters, muslim_bumi_voters, non_muslim_bumi_voters, latitude, longitude) VALUES (28, "P028", "Pasir Puteh", 2, "Muhammad Husin (PR-PAS)", 76259, 98, 1, 0, 1, 0, 0, 5.836163, 102.4077409);
INSERT INTO stat (constituency_id, voter_turnout, voter_turnout_p, spoilt_votes, spoilt_votes_p) VALUES (28, 66040, 86.6, 770, 1.0);
INSERT INTO candidate (id, constituency_id, name, party, coalition) VALUES (68, 29, "Ahmad Jazlan Yaakub", "UMNO", "BN");
INSERT INTO result (constituency_id, candidate_id, votes, votes_p, winner, majority) VALUES (29, 68, 25660, 50.1, 1, 805);
INSERT INTO candidate (id, constituency_id, name, party, coalition) VALUES (69, 29, "Wan Zawawi Wan Ismail", "PKR", "PR");
INSERT INTO result (constituency_id, candidate_id, votes, votes_p, winner, majority) VALUES (29, 69, 24855, 48.5, 0, 0);
INSERT INTO constituency (id, code, name, state_id, incumbent, eligible_voters, malay_voters, chinese_voters, indian_voters, others_voters, muslim_bumi_voters, non_muslim_bumi_voters, latitude, longitude) VALUES (29, "P029", "Machang", 2, "Saifuddin Nasution Ismail (PR-PKR)", 59226, 96, 4, 0, 0, 0, 0, 5.767933, 102.2153872);
INSERT INTO stat (constituency_id, voter_turnout, voter_turnout_p, spoilt_votes, spoilt_votes_p) VALUES (29, 51244, 86.5, 729, 1.2);
INSERT INTO candidate (id, constituency_id, name, party, coalition) VALUES (70, 30, "Mustapa Mohamed", "UMNO", "BN");
INSERT INTO result (constituency_id, candidate_id, votes, votes_p, winner, majority) VALUES (30, 70, 21345, 56.5, 1, 5336);
INSERT INTO candidate (id, constituency_id, name, party, coalition) VALUES (71, 30, "Mohd Apandi Mohamad", "PAS", "PR");
INSERT INTO result (constituency_id, candidate_id, votes, votes_p, winner, majority) VALUES (30, 71, 16009, 42.4, 0, 0);
INSERT INTO constituency (id, code, name, state_id, incumbent, eligible_voters, malay_voters, chinese_voters, indian_voters, others_voters, muslim_bumi_voters, non_muslim_bumi_voters, latitude, longitude) VALUES (30, "P030", "Jeli", 2, "Mustapa Mohamed (BN-UMNO)", 43224, 99, 0, 0, 1, 0, 0, 5.700699, 101.8431511);
INSERT INTO stat (constituency_id, voter_turnout, voter_turnout_p, spoilt_votes, spoilt_votes_p) VALUES (30, 37778, 87.0, 424, 1.0);
INSERT INTO candidate (id, constituency_id, name, party, coalition) VALUES (72, 31, "Mohd Hatta Ramli", "PAS", "PR");
INSERT INTO result (constituency_id, candidate_id, votes, votes_p, winner, majority) VALUES (31, 72, 27919, 51.2, 1, 2043);
INSERT INTO candidate (id, constituency_id, name, party, coalition) VALUES (73, 31, "Tuan Aziz Tuan Hamat", "UMNO", "BN");
INSERT INTO result (constituency_id, candidate_id, votes, votes_p, winner, majority) VALUES (31, 73, 25876, 47.5, 0, 0);
INSERT INTO constituency (id, code, name, state_id, incumbent, eligible_voters, malay_voters, chinese_voters, indian_voters, others_voters, muslim_bumi_voters, non_muslim_bumi_voters, latitude, longitude) VALUES (31, "P031", "Kuala Krai", 2, "Mohd Hatta Ramli (PR-PAS)", 63101, 94, 4, 1, 0, 0, 0, 5.530813, 102.2018512);
INSERT INTO stat (constituency_id, voter_turnout, voter_turnout_p, spoilt_votes, spoilt_votes_p) VALUES (31, 54515, 86.4, 720, 1.1);
INSERT INTO candidate (id, constituency_id, name, party, coalition) VALUES (74, 32, "Tengku Razaleigh Hamzah", "UMNO", "BN");
INSERT INTO result (constituency_id, candidate_id, votes, votes_p, winner, majority) VALUES (32, 74, 21367, 61.0, 1, 8413);
INSERT INTO candidate (id, constituency_id, name, party, coalition) VALUES (75, 32, "Wan Abdul Rahim Wan Abdullah", "PAS", "PR");
INSERT INTO result (constituency_id, candidate_id, votes, votes_p, winner, majority) VALUES (32, 75, 12954, 37.0, 0, 0);
INSERT INTO constituency (id, code, name, state_id, incumbent, eligible_voters, malay_voters, chinese_voters, indian_voters, others_voters, muslim_bumi_voters, non_muslim_bumi_voters, latitude, longitude) VALUES (32, "P032", "Gua Musang", 2, "Tengku Razaleigh Hamzah (BN-UMNO)", 40176, 80, 7, 0, 12, 0, 0, 4.884279, 101.968178);
INSERT INTO stat (constituency_id, voter_turnout, voter_turnout_p, spoilt_votes, spoilt_votes_p) VALUES (32, 35033, 87.2, 712, 1.8);
INSERT INTO state (id, name) VALUES (3, "Terengganu");
INSERT INTO candidate (id, constituency_id, name, party, coalition) VALUES (76, 33, "Idris Jusoh", "UMNO", "BN");
INSERT INTO result (constituency_id, candidate_id, votes, votes_p, winner, majority) VALUES (33, 76, 35232, 56.1, 1, 8342);
INSERT INTO candidate (id, constituency_id, name, party, coalition) VALUES (77, 33, "Riduan Mohamad Nor", "PAS", "PR");
INSERT INTO result (constituency_id, candidate_id, votes, votes_p, winner, majority) VALUES (33, 77, 26890, 42.8, 0, 0);
INSERT INTO constituency (id, code, name, state_id, incumbent, eligible_voters, malay_voters, chinese_voters, indian_voters, others_voters, muslim_bumi_voters, non_muslim_bumi_voters, latitude, longitude) VALUES (33, "P033", "Besut", 3, "Abdullah Md Zin (BN-UMNO)", 72566, 98, 2, 0, 0, 0, 0, 5.829012, 102.5523781);
INSERT INTO stat (constituency_id, voter_turnout, voter_turnout_p, spoilt_votes, spoilt_votes_p) VALUES (33, 62763, 86.5, 641, 0.9);
INSERT INTO candidate (id, constituency_id, name, party, coalition) VALUES (78, 34, "Che Mohamad Zulkifly Jusoh", "UMNO", "BN");
INSERT INTO result (constituency_id, candidate_id, votes, votes_p, winner, majority) VALUES (34, 78, 33198, 56.1, 1, 7943);
INSERT INTO candidate (id, constituency_id, name, party, coalition) VALUES (79, 34, "Omar Sidek", "PAS", "PR");
INSERT INTO result (constituency_id, candidate_id, votes, votes_p, winner, majority) VALUES (34, 79, 25255, 42.7, 0, 0);
INSERT INTO constituency (id, code, name, state_id, incumbent, eligible_voters, malay_voters, chinese_voters, indian_voters, others_voters, muslim_bumi_voters, non_muslim_bumi_voters, latitude, longitude) VALUES (34, "P034", "Setiu", 3, "Mohd Jidin Shafee (BN-UMNO)", 67280, 100, 0, 0, 0, 0, 0, 5.4437983, 102.8252178);
INSERT INTO stat (constituency_id, voter_turnout, voter_turnout_p, spoilt_votes, spoilt_votes_p) VALUES (34, 59138, 87.9, 685, 1.0);
INSERT INTO candidate (id, constituency_id, name, party, coalition) VALUES (80, 35, "Mohd Khairuddin Aman Razali", "PAS", "PR");
INSERT INTO result (constituency_id, candidate_id, votes, votes_p, winner, majority) VALUES (35, 80, 33861, 49.9, 1, 610);
INSERT INTO candidate (id, constituency_id, name, party, coalition) VALUES (81, 35, "Mohd Nasir Ibrahim Fikri", "UMNO", "BN");
INSERT INTO result (constituency_id, candidate_id, votes, votes_p, winner, majority) VALUES (35, 81, 33251, 49.0, 0, 0);
INSERT INTO constituency (id, code, name, state_id, incumbent, eligible_voters, malay_voters, chinese_voters, indian_voters, others_voters, muslim_bumi_voters, non_muslim_bumi_voters, latitude, longitude) VALUES (35, "P035", "Kuala Nerus", 3, "Mohd Nasir Ibrahim Fikri (BN-UMNO)", 76238, 99, 1, 0, 0, 0, 0, 5.3678639, 103.0472164);
INSERT INTO stat (constituency_id, voter_turnout, voter_turnout_p, spoilt_votes, spoilt_votes_p) VALUES (35, 67884, 89.0, 772, 1.0);
INSERT INTO candidate (id, constituency_id, name, party, coalition) VALUES (82, 36, "Raja Kamarul Bahrin Shah", "PAS", "PR");
INSERT INTO result (constituency_id, candidate_id, votes, votes_p, winner, majority) VALUES (36, 82, 45828, 56.0, 1, 10785);
INSERT INTO candidate (id, constituency_id, name, party, coalition) VALUES (83, 36, "Mohd Zubir Embong", "UMNO", "BN");
INSERT INTO result (constituency_id, candidate_id, votes, votes_p, winner, majority) VALUES (36, 83, 35043, 42.8, 0, 0);
INSERT INTO constituency (id, code, name, state_id, incumbent, eligible_voters, malay_voters, chinese_voters, indian_voters, others_voters, muslim_bumi_voters, non_muslim_bumi_voters, latitude, longitude) VALUES (36, "P036", "Kuala Terengganu", 3, "Mohd Abdul Wahid Endut (PR-PAS)", 94406, 89, 10, 1, 0, 0, 0, 5.329624, 103.1370142);
INSERT INTO stat (constituency_id, voter_turnout, voter_turnout_p, spoilt_votes, spoilt_votes_p) VALUES (36, 81898, 86.8, 845, 0.9);
INSERT INTO candidate (id, constituency_id, name, party, coalition) VALUES (84, 36, "Maimun Yusuf", "IND", "IND");
INSERT INTO result (constituency_id, candidate_id, votes, votes_p, winner, majority) VALUES (36, 84, 182, 0.2, 0, 0);
INSERT INTO candidate (id, constituency_id, name, party, coalition) VALUES (85, 37, "Abdul Hadi Awang", "PAS", "PR");
INSERT INTO result (constituency_id, candidate_id, votes, votes_p, winner, majority) VALUES (37, 85, 42984, 52.6, 1, 5124);
INSERT INTO candidate (id, constituency_id, name, party, coalition) VALUES (86, 37, "Yahya Khatib Mohamad", "UMNO", "BN");
INSERT INTO result (constituency_id, candidate_id, votes, votes_p, winner, majority) VALUES (37, 86, 37860, 46.4, 0, 0);
INSERT INTO constituency (id, code, name, state_id, incumbent, eligible_voters, malay_voters, chinese_voters, indian_voters, others_voters, muslim_bumi_voters, non_muslim_bumi_voters, latitude, longitude) VALUES (37, "P037", "Marang", 3, "Abdul Hadi Awang (PR-PAS)", 90795, 98, 2, 0, 0, 0, 0, 5.207711, 103.204944);
INSERT INTO stat (constituency_id, voter_turnout, voter_turnout_p, spoilt_votes, spoilt_votes_p) VALUES (37, 81649, 89.9, 805, 0.9);
INSERT INTO candidate (id, constituency_id, name, party, coalition) VALUES (87, 38, "Jailani Johari", "UMNO", "BN");
INSERT INTO result (constituency_id, candidate_id, votes, votes_p, winner, majority) VALUES (38, 87, 31940, 56.5, 1, 8213);
INSERT INTO candidate (id, constituency_id, name, party, coalition) VALUES (88, 38, "Kamaruzaman Abdullah", "PAS", "PR");
INSERT INTO result (constituency_id, candidate_id, votes, votes_p, winner, majority) VALUES (38, 88, 23727, 42.0, 0, 0);
INSERT INTO constituency (id, code, name, state_id, incumbent, eligible_voters, malay_voters, chinese_voters, indian_voters, others_voters, muslim_bumi_voters, non_muslim_bumi_voters, latitude, longitude) VALUES (38, "P038", "Hulu Terengganu", 3, "Mohd Nor Othman (BN-UMNO)", 63543, 99, 1, 0, 0, 0, 0, 5.0730424, 103.0089371);
INSERT INTO stat (constituency_id, voter_turnout, voter_turnout_p, spoilt_votes, spoilt_votes_p) VALUES (38, 56490, 88.9, 823, 1.3);
INSERT INTO candidate (id, constituency_id, name, party, coalition) VALUES (89, 39, "Wan Hassan Mohd Ramli", "PAS", "PR");
INSERT INTO result (constituency_id, candidate_id, votes, votes_p, winner, majority) VALUES (39, 89, 35348, 51.9, 1, 3942);
INSERT INTO candidate (id, constituency_id, name, party, coalition) VALUES (90, 39, "Rosli Mat Hassan", "UMNO", "BN");
INSERT INTO result (constituency_id, candidate_id, votes, votes_p, winner, majority) VALUES (39, 90, 31406, 46.2, 0, 0);
INSERT INTO constituency (id, code, name, state_id, incumbent, eligible_voters, malay_voters, chinese_voters, indian_voters, others_voters, muslim_bumi_voters, non_muslim_bumi_voters, latitude, longitude) VALUES (39, "P039", "Dungun", 3, "Matulidi Jusoh (BN-UMNO)", 78174, 96, 4, 0, 0, 0, 0, 4.754876, 103.4155861);
INSERT INTO stat (constituency_id, voter_turnout, voter_turnout_p, spoilt_votes, spoilt_votes_p) VALUES (39, 68047, 87.0, 909, 1.2);
INSERT INTO candidate (id, constituency_id, name, party, coalition) VALUES (91, 39, "Mazlan Harun", "IND", "IND");
INSERT INTO result (constituency_id, candidate_id, votes, votes_p, winner, majority) VALUES (39, 91, 384, 0.6, 0, 0);
INSERT INTO candidate (id, constituency_id, name, party, coalition) VALUES (92, 40, "Ahmad Shabery Cheek", "UMNO", "BN");
INSERT INTO result (constituency_id, candidate_id, votes, votes_p, winner, majority) VALUES (40, 92, 45525, 56.9, 1, 12306);
INSERT INTO candidate (id, constituency_id, name, party, coalition) VALUES (93, 40, "Kamarudin Chik", "PKR", "PR");
INSERT INTO result (constituency_id, candidate_id, votes, votes_p, winner, majority) VALUES (40, 93, 33219, 41.5, 0, 0);
INSERT INTO constituency (id, code, name, state_id, incumbent, eligible_voters, malay_voters, chinese_voters, indian_voters, others_voters, muslim_bumi_voters, non_muslim_bumi_voters, latitude, longitude) VALUES (40, "P040", "Kemaman", 3, "Ahmad Shabery Cheek (BN-UMNO)", 91942, 93, 6, 1, 0, 0, 0, 4.2338358, 103.3638015);
INSERT INTO stat (constituency_id, voter_turnout, voter_turnout_p, spoilt_votes, spoilt_votes_p) VALUES (40, 79971, 87.0, 1227, 1.3);
INSERT INTO state (id, name) VALUES (4, "Penang");
INSERT INTO candidate (id, constituency_id, name, party, coalition) VALUES (94, 41, "Reezal Merican Naina Merican", "UMNO", "BN");
INSERT INTO result (constituency_id, candidate_id, votes, votes_p, winner, majority) VALUES (41, 94, 25128, 53.8, 1, 4176);
INSERT INTO candidate (id, constituency_id, name, party, coalition) VALUES (95, 41, "Afnan Hamimi Taib Azamudden", "PAS", "PR");
INSERT INTO result (constituency_id, candidate_id, votes, votes_p, winner, majority) VALUES (41, 95, 20952, 44.9, 0, 0);
INSERT INTO constituency (id, code, name, state_id, incumbent, eligible_voters, malay_voters, chinese_voters, indian_voters, others_voters, muslim_bumi_voters, non_muslim_bumi_voters, latitude, longitude) VALUES (41, "P041", "Kepala Batas", 4, "Abdullah Ahmad Badawi (BN-UMNO)", 51635, 76, 19, 4, 0, 0, 0, 5.517235, 100.4314871);
INSERT INTO stat (constituency_id, voter_turnout, voter_turnout_p, spoilt_votes, spoilt_votes_p) VALUES (41, 46665, 90.4, 585, 1.1);
INSERT INTO candidate (id, constituency_id, name, party, coalition) VALUES (96, 42, "Shabudin Yahaya", "UMNO", "BN");
INSERT INTO result (constituency_id, candidate_id, votes, votes_p, winner, majority) VALUES (42, 96, 24393, 50.8, 1, 3042);
INSERT INTO candidate (id, constituency_id, name, party, coalition) VALUES (97, 42, "Abdul Rahman Maidin", "PAS", "PR");
INSERT INTO result (constituency_id, candidate_id, votes, votes_p, winner, majority) VALUES (42, 97, 21351, 44.5, 0, 0);
INSERT INTO constituency (id, code, name, state_id, incumbent, eligible_voters, malay_voters, chinese_voters, indian_voters, others_voters, muslim_bumi_voters, non_muslim_bumi_voters, latitude, longitude) VALUES (42, "P042", "Tasek Gelugor", 4, "Nor Mohamed Yakcop (BN-UMNO)", 54042, 78, 15, 7, 0, 0, 0, 5.482114, 100.4945209);
INSERT INTO stat (constituency_id, voter_turnout, voter_turnout_p, spoilt_votes, spoilt_votes_p) VALUES (42, 48009, 88.8, 675, 1.2);
INSERT INTO candidate (id, constituency_id, name, party, coalition) VALUES (98, 42, "Mohd Shariff Omar", "IND", "IND");
INSERT INTO result (constituency_id, candidate_id, votes, votes_p, winner, majority) VALUES (42, 98, 1590, 3.3, 0, 0);
INSERT INTO candidate (id, constituency_id, name, party, coalition) VALUES (99, 43, "Lim Guan Eng", "DAP", "PR");
INSERT INTO result (constituency_id, candidate_id, votes, votes_p, winner, majority) VALUES (43, 99, 46466, 77.8, 1, 34159);
INSERT INTO candidate (id, constituency_id, name, party, coalition) VALUES (100, 43, "Chua Teik Siang", "MCA", "BN");
INSERT INTO result (constituency_id, candidate_id, votes, votes_p, winner, majority) VALUES (43, 100, 12307, 20.6, 0, 0);
INSERT INTO constituency (id, code, name, state_id, incumbent, eligible_voters, malay_voters, chinese_voters, indian_voters, others_voters, muslim_bumi_voters, non_muslim_bumi_voters, latitude, longitude) VALUES (43, "P043", "Bagan", 4, "Lim Guan Eng (PR-DAP)", 68503, 15, 70, 15, 0, 0, 0, 1.8525046, 102.8629885);
INSERT INTO stat (constituency_id, voter_turnout, voter_turnout_p, spoilt_votes, spoilt_votes_p) VALUES (43, 59735, 87.2, 634, 0.9);
INSERT INTO candidate (id, constituency_id, name, party, coalition) VALUES (101, 43, "Lim Kim Chu", "PCM", "PCM");
INSERT INTO result (constituency_id, candidate_id, votes, votes_p, winner, majority) VALUES (43, 101, 328, 0.5, 0, 0);
INSERT INTO candidate (id, constituency_id, name, party, coalition) VALUES (102, 44, "Anwar Ibrahim", "PKR", "PR");
INSERT INTO result (constituency_id, candidate_id, votes, votes_p, winner, majority) VALUES (44, 102, 37090, 58.6, 1, 11721);
INSERT INTO candidate (id, constituency_id, name, party, coalition) VALUES (103, 44, "Mazlan Ismail", "UMNO", "BN");
INSERT INTO result (constituency_id, candidate_id, votes, votes_p, winner, majority) VALUES (44, 103, 25369, 40.1, 0, 0);
INSERT INTO constituency (id, code, name, state_id, incumbent, eligible_voters, malay_voters, chinese_voters, indian_voters, others_voters, muslim_bumi_voters, non_muslim_bumi_voters, latitude, longitude) VALUES (44, "P044", "Permatang Pauh", 4, "Anwar Ibrahim (PR-PKR)", 71699, 70, 23, 6, 0, 0, 0, 5.41106, 100.4132858);
INSERT INTO stat (constituency_id, voter_turnout, voter_turnout_p, spoilt_votes, spoilt_votes_p) VALUES (44, 63332, 88.3, 672, 0.9);
INSERT INTO candidate (id, constituency_id, name, party, coalition) VALUES (104, 44, "Abdullah Zawawi Samsudin", "IND", "IND");
INSERT INTO result (constituency_id, candidate_id, votes, votes_p, winner, majority) VALUES (44, 104, 201, 0.3, 0, 0);
INSERT INTO candidate (id, constituency_id, name, party, coalition) VALUES (105, 45, "Steven Sim Chee Kiong", "DAP", "PR");
INSERT INTO result (constituency_id, candidate_id, votes, votes_p, winner, majority) VALUES (45, 105, 55877, 80.5, 1, 43063);
INSERT INTO candidate (id, constituency_id, name, party, coalition) VALUES (106, 45, "Gui Guat Lye", "MCA", "BN");
INSERT INTO result (constituency_id, candidate_id, votes, votes_p, winner, majority) VALUES (45, 106, 12814, 18.5, 0, 0);
INSERT INTO constituency (id, code, name, state_id, incumbent, eligible_voters, malay_voters, chinese_voters, indian_voters, others_voters, muslim_bumi_voters, non_muslim_bumi_voters, latitude, longitude) VALUES (45, "P045", "Bukit Mertajam", 4, "Chong Eng (PR-DAP)", 78996, 19, 71, 10, 0, 0, 0, 5.365458, 100.4590091);
INSERT INTO stat (constituency_id, voter_turnout, voter_turnout_p, spoilt_votes, spoilt_votes_p) VALUES (45, 69403, 87.9, 712, 0.9);
INSERT INTO candidate (id, constituency_id, name, party, coalition) VALUES (107, 46, "Kasthuriraani Patto", "DAP", "PR");
INSERT INTO result (constituency_id, candidate_id, votes, votes_p, winner, majority) VALUES (46, 107, 36636, 73.1, 1, 25962);
INSERT INTO candidate (id, constituency_id, name, party, coalition) VALUES (108, 46, "Gobalakrishnan Narayanasamy", "Gerakan", "BN");
INSERT INTO result (constituency_id, candidate_id, votes, votes_p, winner, majority) VALUES (46, 108, 10674, 21.3, 0, 0);
INSERT INTO constituency (id, code, name, state_id, incumbent, eligible_voters, malay_voters, chinese_voters, indian_voters, others_voters, muslim_bumi_voters, non_muslim_bumi_voters, latitude, longitude) VALUES (46, "P046", "Batu Kawan", 4, "Ramasamy Palanisamy (PR-DAP)", 57500, 21, 56, 23, 0, 0, 0, 2.2672222, 102.115);
INSERT INTO stat (constituency_id, voter_turnout, voter_turnout_p, spoilt_votes, spoilt_votes_p) VALUES (46, 50139, 87.2, 723, 1.3);
INSERT INTO candidate (id, constituency_id, name, party, coalition) VALUES (109, 46, "Huan Cheng Guan", "PCM", "PCM");
INSERT INTO result (constituency_id, candidate_id, votes, votes_p, winner, majority) VALUES (46, 109, 1801, 3.6, 0, 0);
INSERT INTO candidate (id, constituency_id, name, party, coalition) VALUES (110, 46, "Mohan Apparoo", "IND", "IND");
INSERT INTO result (constituency_id, candidate_id, votes, votes_p, winner, majority) VALUES (46, 110, 305, 0.6, 0, 0);
INSERT INTO candidate (id, constituency_id, name, party, coalition) VALUES (111, 47, "Mansor Othman", "PKR", "PR");
INSERT INTO result (constituency_id, candidate_id, votes, votes_p, winner, majority) VALUES (47, 111, 30003, 57.1, 1, 8598);
INSERT INTO candidate (id, constituency_id, name, party, coalition) VALUES (112, 47, "Zainal Abidin Osman", "UMNO", "BN");
INSERT INTO result (constituency_id, candidate_id, votes, votes_p, winner, majority) VALUES (47, 112, 21405, 40.7, 0, 0);
INSERT INTO constituency (id, code, name, state_id, incumbent, eligible_voters, malay_voters, chinese_voters, indian_voters, others_voters, muslim_bumi_voters, non_muslim_bumi_voters, latitude, longitude) VALUES (47, "P047", "Nibong Tebal", 4, "Tan Tee Beng (IND)", 59345, 45, 37, 18, 0, 0, 0, 5.170128, 100.4792231);
INSERT INTO stat (constituency_id, voter_turnout, voter_turnout_p, spoilt_votes, spoilt_votes_p) VALUES (47, 52538, 88.5, 833, 1.4);
INSERT INTO candidate (id, constituency_id, name, party, coalition) VALUES (113, 47, "Teng Kok Pheng", "IND", "IND");
INSERT INTO result (constituency_id, candidate_id, votes, votes_p, winner, majority) VALUES (47, 113, 297, 0.6, 0, 0);
INSERT INTO candidate (id, constituency_id, name, party, coalition) VALUES (114, 48, "Zairil Khir Johari", "DAP", "PR");
INSERT INTO result (constituency_id, candidate_id, votes, votes_p, winner, majority) VALUES (48, 114, 45591, 77.2, 1, 32778);
INSERT INTO candidate (id, constituency_id, name, party, coalition) VALUES (115, 48, "Teh Leong Meng", "Gerakan", "BN");
INSERT INTO result (constituency_id, candidate_id, votes, votes_p, winner, majority) VALUES (48, 115, 12813, 21.7, 0, 0);
INSERT INTO constituency (id, code, name, state_id, incumbent, eligible_voters, malay_voters, chinese_voters, indian_voters, others_voters, muslim_bumi_voters, non_muslim_bumi_voters, latitude, longitude) VALUES (48, "P048", "Bukit Bendera", 4, "Liew Chin Tong (PR-DAP)", 71085, 14, 74, 11, 0, 0, 0, 5.424914, 100.2689201);
INSERT INTO stat (constituency_id, voter_turnout, voter_turnout_p, spoilt_votes, spoilt_votes_p) VALUES (48, 59019, 83.0, 615, 0.9);
INSERT INTO candidate (id, constituency_id, name, party, coalition) VALUES (116, 49, "Ng Wei Aik", "DAP", "PR");
INSERT INTO result (constituency_id, candidate_id, votes, votes_p, winner, majority) VALUES (49, 116, 35510, 82.8, 1, 28645);
INSERT INTO candidate (id, constituency_id, name, party, coalition) VALUES (117, 49, "Ng Song Kheng", "Gerakan", "BN");
INSERT INTO result (constituency_id, candidate_id, votes, votes_p, winner, majority) VALUES (49, 117, 6865, 16.0, 0, 0);
INSERT INTO constituency (id, code, name, state_id, incumbent, eligible_voters, malay_voters, chinese_voters, indian_voters, others_voters, muslim_bumi_voters, non_muslim_bumi_voters, latitude, longitude) VALUES (49, "P049", "Tanjong", 4, "Chow Kon Yeow (PR-DAP)", 51487, 5, 86, 9, 0, 0, 0, 1.527015, 111.5231119);
INSERT INTO stat (constituency_id, voter_turnout, voter_turnout_p, spoilt_votes, spoilt_votes_p) VALUES (49, 42870, 83.3, 495, 1.0);
INSERT INTO candidate (id, constituency_id, name, party, coalition) VALUES (118, 50, "Jeff Ooi Chuan Aun", "DAP", "PR");
INSERT INTO result (constituency_id, candidate_id, votes, votes_p, winner, majority) VALUES (50, 118, 43211, 70.3, 1, 25750);
INSERT INTO candidate (id, constituency_id, name, party, coalition) VALUES (119, 50, "Ng Fook On", "Gerakan", "BN");
INSERT INTO result (constituency_id, candidate_id, votes, votes_p, winner, majority) VALUES (50, 119, 17461, 28.4, 0, 0);
INSERT INTO constituency (id, code, name, state_id, incumbent, eligible_voters, malay_voters, chinese_voters, indian_voters, others_voters, muslim_bumi_voters, non_muslim_bumi_voters, latitude, longitude) VALUES (50, "P050", "Jelutong", 4, "Jeff Ooi Chuan Aun (PR-DAP)", 71247, 22, 67, 11, 0, 0, 0, 1.607944, 103.3185391);
INSERT INTO stat (constituency_id, voter_turnout, voter_turnout_p, spoilt_votes, spoilt_votes_p) VALUES (50, 61441, 86.2, 769, 1.1);
INSERT INTO candidate (id, constituency_id, name, party, coalition) VALUES (120, 51, "Karpal Singh Ram Singh", "DAP", "PR");
INSERT INTO result (constituency_id, candidate_id, votes, votes_p, winner, majority) VALUES (51, 120, 56303, 80.1, 1, 42706);
INSERT INTO candidate (id, constituency_id, name, party, coalition) VALUES (121, 51, "Teh Beng Yeam", "MCA", "BN");
INSERT INTO result (constituency_id, candidate_id, votes, votes_p, winner, majority) VALUES (51, 121, 13597, 19.3, 0, 0);
INSERT INTO constituency (id, code, name, state_id, incumbent, eligible_voters, malay_voters, chinese_voters, indian_voters, others_voters, muslim_bumi_voters, non_muslim_bumi_voters, latitude, longitude) VALUES (51, "P051", "Bukit Gelugor", 4, "Karpal Singh Ram Singh (PR-DAP)", 81897, 14, 75, 10, 0, 0, 0, 5.3411111, 100.7908333);
INSERT INTO stat (constituency_id, voter_turnout, voter_turnout_p, spoilt_votes, spoilt_votes_p) VALUES (51, 70554, 86.1, 654, 0.8);
INSERT INTO candidate (id, constituency_id, name, party, coalition) VALUES (122, 52, "Sim Tze Tzin", "PKR", "PR");
INSERT INTO result (constituency_id, candidate_id, votes, votes_p, winner, majority) VALUES (52, 122, 43558, 63.4, 1, 19307);
INSERT INTO candidate (id, constituency_id, name, party, coalition) VALUES (123, 52, "Tang Heap Seng", "MCA", "BN");
INSERT INTO result (constituency_id, candidate_id, votes, votes_p, winner, majority) VALUES (52, 123, 24251, 35.3, 0, 0);
INSERT INTO constituency (id, code, name, state_id, incumbent, eligible_voters, malay_voters, chinese_voters, indian_voters, others_voters, muslim_bumi_voters, non_muslim_bumi_voters, latitude, longitude) VALUES (52, "P052", "Bayan Baru", 4, "Zahrain Mohamed Hashim (IND)", 79155, 39, 49, 11, 0, 0, 0, 5.319627, 100.2866119);
INSERT INTO stat (constituency_id, voter_turnout, voter_turnout_p, spoilt_votes, spoilt_votes_p) VALUES (52, 68659, 86.7, 850, 1.1);
INSERT INTO candidate (id, constituency_id, name, party, coalition) VALUES (124, 53, "Hilmi Yahaya", "UMNO", "BN");
INSERT INTO result (constituency_id, candidate_id, votes, votes_p, winner, majority) VALUES (53, 124, 22318, 51.1, 1, 1539);
INSERT INTO candidate (id, constituency_id, name, party, coalition) VALUES (125, 53, "Muhammad Bakhtiar Wan Chik", "PKR", "PR");
INSERT INTO result (constituency_id, candidate_id, votes, votes_p, winner, majority) VALUES (53, 125, 20779, 47.5, 0, 0);
INSERT INTO constituency (id, code, name, state_id, incumbent, eligible_voters, malay_voters, chinese_voters, indian_voters, others_voters, muslim_bumi_voters, non_muslim_bumi_voters, latitude, longitude) VALUES (53, "P053", "Balik Pulau", 4, "Mohd Yusmadi Mohd Yusoff (PR-PKR)", 49641, 64, 32, 4, 0, 0, 0, 5.350316, 100.2349501);
INSERT INTO stat (constituency_id, voter_turnout, voter_turnout_p, spoilt_votes, spoilt_votes_p) VALUES (53, 43709, 88.1, 612, 1.2);
INSERT INTO state (id, name) VALUES (5, "Perak");
INSERT INTO candidate (id, constituency_id, name, party, coalition) VALUES (126, 54, "Hasbullah Osman", "UMNO", "BN");
INSERT INTO result (constituency_id, candidate_id, votes, votes_p, winner, majority) VALUES (54, 126, 16415, 60.6, 1, 6216);
INSERT INTO candidate (id, constituency_id, name, party, coalition) VALUES (127, 54, "Norhayati Kasim", "PAS", "PR");
INSERT INTO result (constituency_id, candidate_id, votes, votes_p, winner, majority) VALUES (54, 127, 10199, 37.6, 0, 0);
INSERT INTO constituency (id, code, name, state_id, incumbent, eligible_voters, malay_voters, chinese_voters, indian_voters, others_voters, muslim_bumi_voters, non_muslim_bumi_voters, latitude, longitude) VALUES (54, "P054", "Gerik", 5, "Tan Lian Hoe (BN-Gerakan)", 32725, 68, 16, 0, 13, 0, 0, 5.428454, 101.1297031);
INSERT INTO stat (constituency_id, voter_turnout, voter_turnout_p, spoilt_votes, spoilt_votes_p) VALUES (54, 27108, 82.8, 494, 1.5);
INSERT INTO candidate (id, constituency_id, name, party, coalition) VALUES (128, 55, "Shamsul Anuar Nasarah", "UMNO", "BN");
INSERT INTO result (constituency_id, candidate_id, votes, votes_p, winner, majority) VALUES (55, 128, 13639, 58.1, 1, 4161);
INSERT INTO candidate (id, constituency_id, name, party, coalition) VALUES (129, 55, "Razman Zakaria", "PAS", "PR");
INSERT INTO result (constituency_id, candidate_id, votes, votes_p, winner, majority) VALUES (55, 129, 9478, 40.4, 0, 0);
INSERT INTO constituency (id, code, name, state_id, incumbent, eligible_voters, malay_voters, chinese_voters, indian_voters, others_voters, muslim_bumi_voters, non_muslim_bumi_voters, latitude, longitude) VALUES (55, "P055", "Lenggong", 5, "Shamsul Anuar Nasarah (BN-UMNO)", 27950, 82, 14, 0, 2, 0, 0, 5.10844, 100.968034);
INSERT INTO stat (constituency_id, voter_turnout, voter_turnout_p, spoilt_votes, spoilt_votes_p) VALUES (55, 23485, 84.0, 368, 1.3);
INSERT INTO candidate (id, constituency_id, name, party, coalition) VALUES (130, 56, "Hamzah Zainudin", "UMNO", "BN");
INSERT INTO result (constituency_id, candidate_id, votes, votes_p, winner, majority) VALUES (56, 130, 22184, 55.6, 1, 5296);
INSERT INTO candidate (id, constituency_id, name, party, coalition) VALUES (131, 56, "ari", "PAS", "PR");
INSERT INTO result (constituency_id, candidate_id, votes, votes_p, winner, majority) VALUES (56, 131, 16888, 42.3, 0, 0);
INSERT INTO constituency (id, code, name, state_id, incumbent, eligible_voters, malay_voters, chinese_voters, indian_voters, others_voters, muslim_bumi_voters, non_muslim_bumi_voters, latitude, longitude) VALUES (56, "P056", "Larut", 5, "Hamzah Zainudin (BN-UMNO)", 46577, 89, 5, 6, 0, 0, 0, 5.4224753, 100.3262245);
INSERT INTO stat (constituency_id, voter_turnout, voter_turnout_p, spoilt_votes, spoilt_votes_p) VALUES (56, 39929, 85.7, 579, 1.2);
INSERT INTO candidate (id, constituency_id, name, party, coalition) VALUES (132, 56, " Vallikana", "IND", "IND");
INSERT INTO result (constituency_id, candidate_id, votes, votes_p, winner, majority) VALUES (56, 132, 278, 0.7, 0, 0);
INSERT INTO candidate (id, constituency_id, name, party, coalition) VALUES (133, 57, "Mujahid Yusof Rawa", "PAS", "PR");
INSERT INTO result (constituency_id, candidate_id, votes, votes_p, winner, majority) VALUES (57, 133, 26015, 58.9, 1, 8476);
INSERT INTO candidate (id, constituency_id, name, party, coalition) VALUES (134, 57, "amar Ghadafi Jamal Jamaludin", "UMNO", "BN");
INSERT INTO result (constituency_id, candidate_id, votes, votes_p, winner, majority) VALUES (57, 134, 17539, 39.7, 0, 0);
INSERT INTO constituency (id, code, name, state_id, incumbent, eligible_voters, malay_voters, chinese_voters, indian_voters, others_voters, muslim_bumi_voters, non_muslim_bumi_voters, latitude, longitude) VALUES (57, "P057", "Parit Buntar", 5, "Mujahid Yusof Rawa (PR-PAS)", 51422, 68, 27, 5, 0, 0, 0, 5.118682, 100.4880161);
INSERT INTO stat (constituency_id, voter_turnout, voter_turnout_p, spoilt_votes, spoilt_votes_p) VALUES (57, 44172, 85.9, 618, 1.2);
INSERT INTO candidate (id, constituency_id, name, party, coalition) VALUES (135, 58, "Noor Azmi Ghazali", "UMNO", "BN");
INSERT INTO result (constituency_id, candidate_id, votes, votes_p, winner, majority) VALUES (58, 135, 23014, 49.7, 1, 1140);
INSERT INTO candidate (id, constituency_id, name, party, coalition) VALUES (136, 58, "Mohd Nor Monutty", "PKR", "PR");
INSERT INTO result (constituency_id, candidate_id, votes, votes_p, winner, majority) VALUES (58, 136, 21874, 47.2, 0, 0);
INSERT INTO constituency (id, code, name, state_id, incumbent, eligible_voters, malay_voters, chinese_voters, indian_voters, others_voters, muslim_bumi_voters, non_muslim_bumi_voters, latitude, longitude) VALUES (58, "P058", "Bagan Serai", 5, "Mohsin Fadzli Samsuri (IND)", 54792, 76, 14, 10, 0, 0, 0, 5.008062, 100.5394298);
INSERT INTO stat (constituency_id, voter_turnout, voter_turnout_p, spoilt_votes, spoilt_votes_p) VALUES (58, 46313, 84.5, 1096, 2.0);
INSERT INTO candidate (id, constituency_id, name, party, coalition) VALUES (137, 58, "Abdul Latif Masud", "IND", "IND");
INSERT INTO result (constituency_id, candidate_id, votes, votes_p, winner, majority) VALUES (58, 137, 329, 0.7, 0, 0);
INSERT INTO candidate (id, constituency_id, name, party, coalition) VALUES (138, 59, "Idris Ahmad", "PAS", "PR");
INSERT INTO result (constituency_id, candidate_id, votes, votes_p, winner, majority) VALUES (59, 138, 30563, 50.2, 1, 986);
INSERT INTO candidate (id, constituency_id, name, party, coalition) VALUES (139, 59, "Ismail Saffian", "UMNO", "BN");
INSERT INTO result (constituency_id, candidate_id, votes, votes_p, winner, majority) VALUES (59, 139, 29577, 48.6, 0, 0);
INSERT INTO constituency (id, code, name, state_id, incumbent, eligible_voters, malay_voters, chinese_voters, indian_voters, others_voters, muslim_bumi_voters, non_muslim_bumi_voters, latitude, longitude) VALUES (59, "P059", "Bukit Gantang", 5, "Mohammad Nizar Jamaluddin (PR-PAS)", 71257, 65, 25, 10, 0, 0, 0, 4.7364893, 100.766163);
INSERT INTO stat (constituency_id, voter_turnout, voter_turnout_p, spoilt_votes, spoilt_votes_p) VALUES (59, 60888, 85.4, 748, 1.0);
INSERT INTO candidate (id, constituency_id, name, party, coalition) VALUES (140, 60, "Nga Kor Ming", "DAP", "PR");
INSERT INTO result (constituency_id, candidate_id, votes, votes_p, winner, majority) VALUES (60, 140, 37275, 58.5, 1, 11745);
INSERT INTO candidate (id, constituency_id, name, party, coalition) VALUES (141, 60, "Tan Lian Hoe", "Gerakan", "BN");
INSERT INTO result (constituency_id, candidate_id, votes, votes_p, winner, majority) VALUES (60, 141, 25530, 40.0, 0, 0);
INSERT INTO constituency (id, code, name, state_id, incumbent, eligible_voters, malay_voters, chinese_voters, indian_voters, others_voters, muslim_bumi_voters, non_muslim_bumi_voters, latitude, longitude) VALUES (60, "P060", "Taiping", 5, "Nga Kor Ming (PR-DAP)", 78148, 37, 48, 13, 0, 0, 0, 4.851932, 100.7416339);
INSERT INTO stat (constituency_id, voter_turnout, voter_turnout_p, spoilt_votes, spoilt_votes_p) VALUES (60, 63749, 81.6, 944, 1.2);
INSERT INTO candidate (id, constituency_id, name, party, coalition) VALUES (142, 61, "Mohamed Nazri Abdul Aziz", "UMNO", "BN");
INSERT INTO result (constituency_id, candidate_id, votes, votes_p, winner, majority) VALUES (61, 142, 13005, 53.8, 1, 2230);
INSERT INTO candidate (id, constituency_id, name, party, coalition) VALUES (143, 61, "Meor Ahmad Isharra Ishak", "PKR", "PR");
INSERT INTO result (constituency_id, candidate_id, votes, votes_p, winner, majority) VALUES (61, 143, 10775, 44.5, 0, 0);
INSERT INTO constituency (id, code, name, state_id, incumbent, eligible_voters, malay_voters, chinese_voters, indian_voters, others_voters, muslim_bumi_voters, non_muslim_bumi_voters, latitude, longitude) VALUES (61, "P061", "Padang Rengas", 5, "Mohamed Nazri Abdul Aziz (BN-UMNO)", 28518, 76, 17, 7, 0, 0, 0, 4.775367, 100.8402638);
INSERT INTO stat (constituency_id, voter_turnout, voter_turnout_p, spoilt_votes, spoilt_votes_p) VALUES (61, 24190, 84.8, 410, 1.4);
INSERT INTO candidate (id, constituency_id, name, party, coalition) VALUES (144, 62, "Michael Jeyakumar Devaraj", "PKR", "PR");
INSERT INTO result (constituency_id, candidate_id, votes, votes_p, winner, majority) VALUES (62, 144, 21593, 51.9, 1, 2793);
INSERT INTO candidate (id, constituency_id, name, party, coalition) VALUES (145, 62, " Krishnasamy", "MIC", "BN");
INSERT INTO result (constituency_id, candidate_id, votes, votes_p, winner, majority) VALUES (62, 145, 18800, 45.2, 0, 0);
INSERT INTO constituency (id, code, name, state_id, incumbent, eligible_voters, malay_voters, chinese_voters, indian_voters, others_voters, muslim_bumi_voters, non_muslim_bumi_voters, latitude, longitude) VALUES (62, "P062", "Sungai Siput", 5, "Michael Jeyakumar Devaraj (PR-PKR)", 51596, 33, 39, 21, 0, 0, 0, 4.819012, 101.0737181);
INSERT INTO stat (constituency_id, voter_turnout, voter_turnout_p, spoilt_votes, spoilt_votes_p) VALUES (62, 41572, 80.6, 982, 1.9);
INSERT INTO candidate (id, constituency_id, name, party, coalition) VALUES (146, 62, "Nagalingam Singaravelloo", "IND", "IND");
INSERT INTO result (constituency_id, candidate_id, votes, votes_p, winner, majority) VALUES (62, 146, 197, 0.5, 0, 0);
INSERT INTO candidate (id, constituency_id, name, party, coalition) VALUES (147, 63, "Ahmad Husni Hanadzlah", "UMNO", "BN");
INSERT INTO result (constituency_id, candidate_id, votes, votes_p, winner, majority) VALUES (63, 147, 42093, 55.3, 1, 9325);
INSERT INTO candidate (id, constituency_id, name, party, coalition) VALUES (148, 63, "Siti Aishah Shaik Ismail", "PKR", "PR");
INSERT INTO result (constituency_id, candidate_id, votes, votes_p, winner, majority) VALUES (63, 148, 32768, 43.1, 0, 0);
INSERT INTO constituency (id, code, name, state_id, incumbent, eligible_voters, malay_voters, chinese_voters, indian_voters, others_voters, muslim_bumi_voters, non_muslim_bumi_voters, latitude, longitude) VALUES (63, "P063", "Tambun", 5, "Ahmad Husni Hanadzlah (BN-UMNO)", 89435, 64, 22, 12, 0, 0, 0, 4.6136082, 101.1447493);
INSERT INTO stat (constituency_id, voter_turnout, voter_turnout_p, spoilt_votes, spoilt_votes_p) VALUES (63, 76057, 85.0, 1196, 1.3);
INSERT INTO candidate (id, constituency_id, name, party, coalition) VALUES (149, 64, "Thomas Su Keng Siong", "DAP", "PR");
INSERT INTO result (constituency_id, candidate_id, votes, votes_p, winner, majority) VALUES (64, 149, 49086, 75.5, 1, 34000);
INSERT INTO candidate (id, constituency_id, name, party, coalition) VALUES (150, 64, "Kathleen Wong Mei Yin", "MCA", "BN");
INSERT INTO result (constituency_id, candidate_id, votes, votes_p, winner, majority) VALUES (64, 150, 15086, 23.2, 0, 0);
INSERT INTO constituency (id, code, name, state_id, incumbent, eligible_voters, malay_voters, chinese_voters, indian_voters, others_voters, muslim_bumi_voters, non_muslim_bumi_voters, latitude, longitude) VALUES (64, "P064", "Ipoh Timor", 5, "Lim Kit Siang (PR-DAP)", 81818, 14, 80, 5, 0, 0, 0, 4.6401101, 101.1571322);
INSERT INTO stat (constituency_id, voter_turnout, voter_turnout_p, spoilt_votes, spoilt_votes_p) VALUES (64, 65006, 79.5, 834, 1.0);
INSERT INTO candidate (id, constituency_id, name, party, coalition) VALUES (151, 65, "Kulasegaran Murugeson", "DAP", "PR");
INSERT INTO result (constituency_id, candidate_id, votes, votes_p, winner, majority) VALUES (65, 151, 45420, 72.2, 1, 29038);
INSERT INTO candidate (id, constituency_id, name, party, coalition) VALUES (152, 65, "Cheng Wei Yee", "MCA", "BN");
INSERT INTO result (constituency_id, candidate_id, votes, votes_p, winner, majority) VALUES (65, 152, 16382, 26.0, 0, 0);
INSERT INTO constituency (id, code, name, state_id, incumbent, eligible_voters, malay_voters, chinese_voters, indian_voters, others_voters, muslim_bumi_voters, non_muslim_bumi_voters, latitude, longitude) VALUES (65, "P065", "Ipoh Barat", 5, "Kulasegaran Murugeson (PR-DAP)", 77761, 14, 62, 23, 0, 0, 0, 4.6487403, 101.1268916);
INSERT INTO stat (constituency_id, voter_turnout, voter_turnout_p, spoilt_votes, spoilt_votes_p) VALUES (65, 62912, 80.9, 875, 1.1);
INSERT INTO candidate (id, constituency_id, name, party, coalition) VALUES (153, 65, "Kalwant Singh Sujan Singh", "IND", "IND");
INSERT INTO result (constituency_id, candidate_id, votes, votes_p, winner, majority) VALUES (65, 153, 235, 0.4, 0, 0);
INSERT INTO candidate (id, constituency_id, name, party, coalition) VALUES (154, 66, "Sivakumar Varatharaju Naidu", "DAP", "PR");
INSERT INTO result (constituency_id, candidate_id, votes, votes_p, winner, majority) VALUES (66, 154, 53770, 76.7, 1, 38410);
INSERT INTO candidate (id, constituency_id, name, party, coalition) VALUES (155, 66, "Loo Thin Tuck", "MCA", "BN");
INSERT INTO result (constituency_id, candidate_id, votes, votes_p, winner, majority) VALUES (66, 155, 15360, 21.9, 0, 0);
INSERT INTO constituency (id, code, name, state_id, incumbent, eligible_voters, malay_voters, chinese_voters, indian_voters, others_voters, muslim_bumi_voters, non_muslim_bumi_voters, latitude, longitude) VALUES (66, "P066", "Batu Gajah", 5, "Fong Po Kuan (PR-DAP)", 87587, 11, 74, 15, 0, 0, 0, 4.472081, 101.04124);
INSERT INTO stat (constituency_id, voter_turnout, voter_turnout_p, spoilt_votes, spoilt_votes_p) VALUES (66, 70096, 80.1, 966, 1.1);
INSERT INTO candidate (id, constituency_id, name, party, coalition) VALUES (156, 67, "il Anuar Wan Ahmad", "UMNO", "BN");
INSERT INTO result (constituency_id, candidate_id, votes, votes_p, winner, majority) VALUES (67, 156, 14218, 50.4, 1, 1082);
INSERT INTO candidate (id, constituency_id, name, party, coalition) VALUES (157, 67, "Khalil Idham Lim Abdullah", "PAS", "PR");
INSERT INTO result (constituency_id, candidate_id, votes, votes_p, winner, majority) VALUES (67, 157, 13136, 46.6, 0, 0);
INSERT INTO constituency (id, code, name, state_id, incumbent, eligible_voters, malay_voters, chinese_voters, indian_voters, others_voters, muslim_bumi_voters, non_muslim_bumi_voters, latitude, longitude) VALUES (67, "P067", "Kuala Kangsar", 5, "Rafidah Aziz (BN-UMNO)", 33540, 68, 24, 7, 0, 0, 0, 4.773595, 100.9420448);
INSERT INTO stat (constituency_id, voter_turnout, voter_turnout_p, spoilt_votes, spoilt_votes_p) VALUES (67, 28208, 84.1, 407, 1.2);
INSERT INTO candidate (id, constituency_id, name, party, coalition) VALUES (158, 67, "Kamilia Ibrahim", "IND", "IND");
INSERT INTO result (constituency_id, candidate_id, votes, votes_p, winner, majority) VALUES (67, 158, 447, 1.6, 0, 0);
INSERT INTO candidate (id, constituency_id, name, party, coalition) VALUES (159, 68, "Ngeh Koo Ham", "DAP", "PR");
INSERT INTO result (constituency_id, candidate_id, votes, votes_p, winner, majority) VALUES (68, 159, 21939, 55.5, 1, 5057);
INSERT INTO candidate (id, constituency_id, name, party, coalition) VALUES (160, 68, "Chang Ko Youn", "Gerakan", "BN");
INSERT INTO result (constituency_id, candidate_id, votes, votes_p, winner, majority) VALUES (68, 160, 16882, 42.7, 0, 0);
INSERT INTO constituency (id, code, name, state_id, incumbent, eligible_voters, malay_voters, chinese_voters, indian_voters, others_voters, muslim_bumi_voters, non_muslim_bumi_voters, latitude, longitude) VALUES (68, "P068", "Beruas", 5, "Ngeh Koo Ham (PR-DAP)", 49205, 33, 52, 15, 0, 0, 0, 4.500804, 100.7815079);
INSERT INTO stat (constituency_id, voter_turnout, voter_turnout_p, spoilt_votes, spoilt_votes_p) VALUES (68, 39508, 80.3, 687, 1.4);
INSERT INTO candidate (id, constituency_id, name, party, coalition) VALUES (161, 69, "Mohd Zaim Abu Hassan", "UMNO", "BN");
INSERT INTO result (constituency_id, candidate_id, votes, votes_p, winner, majority) VALUES (69, 161, 16253, 56.9, 1, 4497);
INSERT INTO candidate (id, constituency_id, name, party, coalition) VALUES (162, 69, "Muhammad Ismi Mat Taib", "PAS", "PR");
INSERT INTO result (constituency_id, candidate_id, votes, votes_p, winner, majority) VALUES (69, 162, 11756, 41.2, 0, 0);
INSERT INTO constituency (id, code, name, state_id, incumbent, eligible_voters, malay_voters, chinese_voters, indian_voters, others_voters, muslim_bumi_voters, non_muslim_bumi_voters, latitude, longitude) VALUES (69, "P069", "Parit", 5, "Mohd Nizar Zakaria (BN-UMNO)", 33503, 93, 3, 3, 0, 0, 0, 4.476689, 100.9097489);
INSERT INTO stat (constituency_id, voter_turnout, voter_turnout_p, spoilt_votes, spoilt_votes_p) VALUES (69, 28541, 85.2, 532, 1.6);
INSERT INTO candidate (id, constituency_id, name, party, coalition) VALUES (163, 70, "Ko Chung Sen", "DAP", "PR");
INSERT INTO result (constituency_id, candidate_id, votes, votes_p, winner, majority) VALUES (70, 163, 26863, 54.7, 1, 5400);
INSERT INTO candidate (id, constituency_id, name, party, coalition) VALUES (164, 70, "Lee Chee Leong", "MCA", "BN");
INSERT INTO result (constituency_id, candidate_id, votes, votes_p, winner, majority) VALUES (70, 164, 21463, 43.7, 0, 0);
INSERT INTO constituency (id, code, name, state_id, incumbent, eligible_voters, malay_voters, chinese_voters, indian_voters, others_voters, muslim_bumi_voters, non_muslim_bumi_voters, latitude, longitude) VALUES (70, "P070", "Kampar", 5, "Lee Chee Leong (BN-MCA)", 63619, 29, 61, 9, 0, 0, 0, 4.308504, 101.1536528);
INSERT INTO stat (constituency_id, voter_turnout, voter_turnout_p, spoilt_votes, spoilt_votes_p) VALUES (70, 49146, 77.2, 820, 1.3);
INSERT INTO candidate (id, constituency_id, name, party, coalition) VALUES (165, 71, "Lee Boon Chye", "PKR", "PR");
INSERT INTO result (constituency_id, candidate_id, votes, votes_p, winner, majority) VALUES (71, 165, 47558, 58.5, 1, 15309);
INSERT INTO candidate (id, constituency_id, name, party, coalition) VALUES (166, 71, "Tan Chin Meng", "MCA", "BN");
INSERT INTO result (constituency_id, candidate_id, votes, votes_p, winner, majority) VALUES (71, 166, 32249, 39.7, 0, 0);
INSERT INTO constituency (id, code, name, state_id, incumbent, eligible_voters, malay_voters, chinese_voters, indian_voters, others_voters, muslim_bumi_voters, non_muslim_bumi_voters, latitude, longitude) VALUES (71, "P071", "Gopeng", 5, "Lee Boon Chye (PR-PKR)", 97092, 43, 46, 9, 0, 0, 0, 4.471721, 101.1654029);
INSERT INTO stat (constituency_id, voter_turnout, voter_turnout_p, spoilt_votes, spoilt_votes_p) VALUES (71, 81263, 83.7, 1456, 1.5);
INSERT INTO candidate (id, constituency_id, name, party, coalition) VALUES (167, 72, "Saravanan Murugan", "MIC", "BN");
INSERT INTO result (constituency_id, candidate_id, votes, votes_p, winner, majority) VALUES (72, 167, 20670, 56.1, 1, 7927);
INSERT INTO candidate (id, constituency_id, name, party, coalition) VALUES (168, 72, "Vasantha Kumar Krishnan", "PKR", "PR");
INSERT INTO result (constituency_id, candidate_id, votes, votes_p, winner, majority) VALUES (72, 168, 12743, 34.6, 0, 0);
INSERT INTO constituency (id, code, name, state_id, incumbent, eligible_voters, malay_voters, chinese_voters, indian_voters, others_voters, muslim_bumi_voters, non_muslim_bumi_voters, latitude, longitude) VALUES (72, "P072", "Tapah", 5, "Saravanan Murugan (BN-MIC)", 45485, 46, 28, 13, 0, 0, 0, 4.19773, 101.261529);
INSERT INTO stat (constituency_id, voter_turnout, voter_turnout_p, spoilt_votes, spoilt_votes_p) VALUES (72, 36855, 81.0, 1052, 2.3);
INSERT INTO candidate (id, constituency_id, name, party, coalition) VALUES (169, 72, "Shaharuzzaman Bistamam", "BERJASA", "BERJASA");
INSERT INTO result (constituency_id, candidate_id, votes, votes_p, winner, majority) VALUES (72, 169, 2053, 5.6, 0, 0);
INSERT INTO candidate (id, constituency_id, name, party, coalition) VALUES (170, 72, "Ridzuan Bani", "IND", "IND");
INSERT INTO result (constituency_id, candidate_id, votes, votes_p, winner, majority) VALUES (72, 170, 337, 0.9, 0, 0);
INSERT INTO candidate (id, constituency_id, name, party, coalition) VALUES (171, 73, "Tajuddin Abdul Rahman", "UMNO", "BN");
INSERT INTO result (constituency_id, candidate_id, votes, votes_p, winner, majority) VALUES (73, 171, 24875, 57.4, 1, 7386);
INSERT INTO candidate (id, constituency_id, name, party, coalition) VALUES (172, 73, "Mustaffa Kamil Ayub", "PKR", "PR");
INSERT INTO result (constituency_id, candidate_id, votes, votes_p, winner, majority) VALUES (73, 172, 17489, 40.3, 0, 0);
INSERT INTO constituency (id, code, name, state_id, incumbent, eligible_voters, malay_voters, chinese_voters, indian_voters, others_voters, muslim_bumi_voters, non_muslim_bumi_voters, latitude, longitude) VALUES (73, "P073", "Pasir Salak", 5, "Tajuddin Abdul Rahman (BN-UMNO)", 51498, 79, 14, 4, 0, 0, 0, 4.1369163, 100.9128995);
INSERT INTO stat (constituency_id, voter_turnout, voter_turnout_p, spoilt_votes, spoilt_votes_p) VALUES (73, 43372, 84.2, 1008, 2.0);
INSERT INTO candidate (id, constituency_id, name, party, coalition) VALUES (173, 74, "Mohamad Imran Abd Hamid", "PKR", "PR");
INSERT INTO result (constituency_id, candidate_id, votes, votes_p, winner, majority) VALUES (74, 173, 40308, 54.8, 1, 8168);
INSERT INTO candidate (id, constituency_id, name, party, coalition) VALUES (174, 74, "Kong Cho Ha", "MCA", "BN");
INSERT INTO result (constituency_id, candidate_id, votes, votes_p, winner, majority) VALUES (74, 174, 32140, 43.7, 0, 0);
INSERT INTO constituency (id, code, name, state_id, incumbent, eligible_voters, malay_voters, chinese_voters, indian_voters, others_voters, muslim_bumi_voters, non_muslim_bumi_voters, latitude, longitude) VALUES (74, "P074", "Lumut", 5, "Kong Cho Ha (BN-MCA)", 88300, 51, 35, 12, 0, 0, 0, 4.236302, 100.6322198);
INSERT INTO stat (constituency_id, voter_turnout, voter_turnout_p, spoilt_votes, spoilt_votes_p) VALUES (74, 73581, 83.3, 1133, 1.3);
INSERT INTO candidate (id, constituency_id, name, party, coalition) VALUES (175, 75, "Ahmad Zahid Hamidi", "UMNO", "BN");
INSERT INTO result (constituency_id, candidate_id, votes, votes_p, winner, majority) VALUES (75, 175, 17176, 52.1, 1, 2108);
INSERT INTO candidate (id, constituency_id, name, party, coalition) VALUES (176, 75, "Madhi Hasan", "PKR", "PR");
INSERT INTO result (constituency_id, candidate_id, votes, votes_p, winner, majority) VALUES (75, 176, 15068, 45.7, 0, 0);
INSERT INTO constituency (id, code, name, state_id, incumbent, eligible_voters, malay_voters, chinese_voters, indian_voters, others_voters, muslim_bumi_voters, non_muslim_bumi_voters, latitude, longitude) VALUES (75, "P075", "Bagan Datok", 5, "Ahmad Zahid Hamidi (BN-UMNO)", 39924, 55, 20, 24, 0, 0, 0, 3.99191, 100.7861479);
INSERT INTO stat (constituency_id, voter_turnout, voter_turnout_p, spoilt_votes, spoilt_votes_p) VALUES (75, 32960, 82.6, 716, 1.8);
INSERT INTO candidate (id, constituency_id, name, party, coalition) VALUES (177, 76, "Seah Leong Peng", "DAP", "PR");
INSERT INTO result (constituency_id, candidate_id, votes, votes_p, winner, majority) VALUES (76, 177, 27399, 56.3, 1, 7313);
INSERT INTO candidate (id, constituency_id, name, party, coalition) VALUES (178, 76, "Mah Siew Keong", "Gerakan", "BN");
INSERT INTO result (constituency_id, candidate_id, votes, votes_p, winner, majority) VALUES (76, 178, 20086, 41.3, 0, 0);
INSERT INTO constituency (id, code, name, state_id, incumbent, eligible_voters, malay_voters, chinese_voters, indian_voters, others_voters, muslim_bumi_voters, non_muslim_bumi_voters, latitude, longitude) VALUES (76, "P076", "Telok Intan", 5, "Manogaran Marimuthu (PR-DAP)", 60483, 38, 42, 19, 0, 0, 0, 4.022424, 101.0206249);
INSERT INTO stat (constituency_id, voter_turnout, voter_turnout_p, spoilt_votes, spoilt_votes_p) VALUES (76, 48649, 80.4, 885, 1.5);
INSERT INTO candidate (id, constituency_id, name, party, coalition) VALUES (179, 76, "Moralingam Kannan", "IND", "IND");
INSERT INTO result (constituency_id, candidate_id, votes, votes_p, winner, majority) VALUES (76, 179, 279, 0.6, 0, 0);
INSERT INTO candidate (id, constituency_id, name, party, coalition) VALUES (180, 77, "Ong Ka Chuan", "MCA", "BN");
INSERT INTO result (constituency_id, candidate_id, votes, votes_p, winner, majority) VALUES (77, 180, 28225, 53.0, 1, 4328);
INSERT INTO candidate (id, constituency_id, name, party, coalition) VALUES (181, 77, "Tan Yee Kew", "PKR", "PR");
INSERT INTO result (constituency_id, candidate_id, votes, votes_p, winner, majority) VALUES (77, 181, 23897, 44.9, 0, 0);
INSERT INTO constituency (id, code, name, state_id, incumbent, eligible_voters, malay_voters, chinese_voters, indian_voters, others_voters, muslim_bumi_voters, non_muslim_bumi_voters, latitude, longitude) VALUES (77, "P077", "Tanjong Malim", 5, "Ong Ka Chuan (BN-MCA)", 64499, 53, 27, 14, 0, 0, 0, 3.679539, 101.52027);
INSERT INTO stat (constituency_id, voter_turnout, voter_turnout_p, spoilt_votes, spoilt_votes_p) VALUES (77, 53237, 82.5, 1115, 1.7);
INSERT INTO state (id, name) VALUES (6, "Pahang");
INSERT INTO candidate (id, constituency_id, name, party, coalition) VALUES (182, 78, " Govindasamy", "MIC", "BN");
INSERT INTO result (constituency_id, candidate_id, votes, votes_p, winner, majority) VALUES (78, 182, 10506, 46.2, 1, 462);
INSERT INTO candidate (id, constituency_id, name, party, coalition) VALUES (183, 78, "Manogaran Marimuthu", "DAP", "PR");
INSERT INTO result (constituency_id, candidate_id, votes, votes_p, winner, majority) VALUES (78, 183, 10044, 44.2, 0, 0);
INSERT INTO constituency (id, code, name, state_id, incumbent, eligible_voters, malay_voters, chinese_voters, indian_voters, others_voters, muslim_bumi_voters, non_muslim_bumi_voters, latitude, longitude) VALUES (78, "P078", "Cameron Highlands", 6, "Devamany S. Krishnasamy (BN-MIC)", 27980, 34, 32, 0, 21, 0, 0, 4.4721201, 101.3801441);
INSERT INTO stat (constituency_id, voter_turnout, voter_turnout_p, spoilt_votes, spoilt_votes_p) VALUES (78, 22748, 81.3, 877, 3.1);
INSERT INTO candidate (id, constituency_id, name, party, coalition) VALUES (184, 78, "Mohd Shokri Mahmood", "BERJASA", "BERJASA");
INSERT INTO result (constituency_id, candidate_id, votes, votes_p, winner, majority) VALUES (78, 184, 912, 4.0, 0, 0);
INSERT INTO candidate (id, constituency_id, name, party, coalition) VALUES (185, 78, "Alagu Thangarajoo", "IND", "IND");
INSERT INTO result (constituency_id, candidate_id, votes, votes_p, winner, majority) VALUES (78, 185, 308, 1.4, 0, 0);
INSERT INTO candidate (id, constituency_id, name, party, coalition) VALUES (186, 78, "Kisho Kumar Kathirveloo", "IND", "IND");
INSERT INTO result (constituency_id, candidate_id, votes, votes_p, winner, majority) VALUES (78, 186, 101, 0.4, 0, 0);
INSERT INTO candidate (id, constituency_id, name, party, coalition) VALUES (187, 79, "Abdul Rahman Mohamad", "UMNO", "BN");
INSERT INTO result (constituency_id, candidate_id, votes, votes_p, winner, majority) VALUES (79, 187, 14863, 55.1, 1, 3469);
INSERT INTO candidate (id, constituency_id, name, party, coalition) VALUES (188, 79, "Mohd Mahyudin Ghazal", "PAS", "PR");
INSERT INTO result (constituency_id, candidate_id, votes, votes_p, winner, majority) VALUES (79, 188, 11394, 42.2, 0, 0);
INSERT INTO constituency (id, code, name, state_id, incumbent, eligible_voters, malay_voters, chinese_voters, indian_voters, others_voters, muslim_bumi_voters, non_muslim_bumi_voters, latitude, longitude) VALUES (79, "P079", "Lipis", 6, "Mohamad Shahrum Osman (BN-UMNO)", 32324, 76, 17, 6, 0, 0, 0, 4.1796051, 102.0541258);
INSERT INTO stat (constituency_id, voter_turnout, voter_turnout_p, spoilt_votes, spoilt_votes_p) VALUES (79, 26986, 83.5, 426, 1.3);
INSERT INTO candidate (id, constituency_id, name, party, coalition) VALUES (189, 79, "Aishaton Abu Bakar", "IND", "IND");
INSERT INTO result (constituency_id, candidate_id, votes, votes_p, winner, majority) VALUES (79, 189, 303, 1.1, 0, 0);
INSERT INTO candidate (id, constituency_id, name, party, coalition) VALUES (190, 80, "Ariff Sabri Abdul Aziz", "DAP", "PR");
INSERT INTO result (constituency_id, candidate_id, votes, votes_p, winner, majority) VALUES (80, 190, 23415, 52.1, 1, 2814);
INSERT INTO candidate (id, constituency_id, name, party, coalition) VALUES (191, 80, "Hoh Khai Mun", "MCA", "BN");
INSERT INTO result (constituency_id, candidate_id, votes, votes_p, winner, majority) VALUES (80, 191, 20601, 45.8, 0, 0);
INSERT INTO constituency (id, code, name, state_id, incumbent, eligible_voters, malay_voters, chinese_voters, indian_voters, others_voters, muslim_bumi_voters, non_muslim_bumi_voters, latitude, longitude) VALUES (80, "P080", "Raub", 6, "Ng Yen Yen (BN-MCA)", 54214, 50, 40, 6, 0, 0, 0, 3.793532, 101.8574651);
INSERT INTO stat (constituency_id, voter_turnout, voter_turnout_p, spoilt_votes, spoilt_votes_p) VALUES (80, 44943, 82.9, 927, 1.7);
INSERT INTO candidate (id, constituency_id, name, party, coalition) VALUES (192, 81, "Ahmad Nazlan Idris", "UMNO", "BN");
INSERT INTO result (constituency_id, candidate_id, votes, votes_p, winner, majority) VALUES (81, 192, 26544, 53.7, 1, 4532);
INSERT INTO candidate (id, constituency_id, name, party, coalition) VALUES (193, 81, "Hamzah Jaafar", "PAS", "PR");
INSERT INTO result (constituency_id, candidate_id, votes, votes_p, winner, majority) VALUES (81, 193, 22012, 44.5, 0, 0);
INSERT INTO constituency (id, code, name, state_id, incumbent, eligible_voters, malay_voters, chinese_voters, indian_voters, others_voters, muslim_bumi_voters, non_muslim_bumi_voters, latitude, longitude) VALUES (81, "P081", "Jerantut", 6, "Tengku Azlan Sultan Abu Bakar (BN-UMNO)", 58364, 81, 14, 3, 0, 0, 0, 3.937395, 102.3620378);
INSERT INTO stat (constituency_id, voter_turnout, voter_turnout_p, spoilt_votes, spoilt_votes_p) VALUES (81, 49461, 84.7, 905, 1.6);
INSERT INTO candidate (id, constituency_id, name, party, coalition) VALUES (194, 82, "Fauzi Abdul Rahman", "PKR", "PR");
INSERT INTO result (constituency_id, candidate_id, votes, votes_p, winner, majority) VALUES (82, 194, 30584, 56.1, 1, 7523);
INSERT INTO candidate (id, constituency_id, name, party, coalition) VALUES (195, 82, "Wan Adnan Wan Mamat", "UMNO", "BN");
INSERT INTO result (constituency_id, candidate_id, votes, votes_p, winner, majority) VALUES (82, 195, 23061, 42.3, 0, 0);
INSERT INTO constituency (id, code, name, state_id, incumbent, eligible_voters, malay_voters, chinese_voters, indian_voters, others_voters, muslim_bumi_voters, non_muslim_bumi_voters, latitude, longitude) VALUES (82, "P082", "Indera Mahkota", 6, "Azan Ismail (PR-PKR)", 64219, 65, 29, 6, 0, 0, 0, 3.820763, 103.296973);
INSERT INTO stat (constituency_id, voter_turnout, voter_turnout_p, spoilt_votes, spoilt_votes_p) VALUES (82, 54527, 84.9, 689, 1.1);
INSERT INTO candidate (id, constituency_id, name, party, coalition) VALUES (196, 82, "Ponusamy Govindasamy", "IND", "IND");
INSERT INTO result (constituency_id, candidate_id, votes, votes_p, winner, majority) VALUES (82, 196, 193, 0.4, 0, 0);
INSERT INTO candidate (id, constituency_id, name, party, coalition) VALUES (197, 83, "Fuziah Salleh", "PKR", "PR");
INSERT INTO result (constituency_id, candidate_id, votes, votes_p, winner, majority) VALUES (83, 197, 25834, 54.1, 1, 4515);
INSERT INTO candidate (id, constituency_id, name, party, coalition) VALUES (198, 83, "Mohamed Suffian Awang", "UMNO", "BN");
INSERT INTO result (constituency_id, candidate_id, votes, votes_p, winner, majority) VALUES (83, 198, 21319, 44.7, 0, 0);
INSERT INTO constituency (id, code, name, state_id, incumbent, eligible_voters, malay_voters, chinese_voters, indian_voters, others_voters, muslim_bumi_voters, non_muslim_bumi_voters, latitude, longitude) VALUES (83, "P083", "Kuantan", 6, "Fuziah Salleh (PR-PKR)", 56280, 63, 33, 4, 0, 0, 0, 3.816667, 103.333333);
INSERT INTO stat (constituency_id, voter_turnout, voter_turnout_p, spoilt_votes, spoilt_votes_p) VALUES (83, 47723, 84.8, 570, 1.0);
INSERT INTO candidate (id, constituency_id, name, party, coalition) VALUES (199, 84, "Abdul Manan Ismail", "UMNO", "BN");
INSERT INTO result (constituency_id, candidate_id, votes, votes_p, winner, majority) VALUES (84, 199, 23747, 58.4, 1, 7715);
INSERT INTO candidate (id, constituency_id, name, party, coalition) VALUES (200, 84, "Murnie Hidayah Anuar", "PKR", "PR");
INSERT INTO result (constituency_id, candidate_id, votes, votes_p, winner, majority) VALUES (84, 200, 16032, 39.4, 0, 0);
INSERT INTO constituency (id, code, name, state_id, incumbent, eligible_voters, malay_voters, chinese_voters, indian_voters, others_voters, muslim_bumi_voters, non_muslim_bumi_voters, latitude, longitude) VALUES (84, "P084", "Paya Besar", 6, "Abdul Manan Ismail (BN-UMNO)", 48067, 81, 15, 2, 0, 0, 0, 3.776536, 103.274622);
INSERT INTO stat (constituency_id, voter_turnout, voter_turnout_p, spoilt_votes, spoilt_votes_p) VALUES (84, 40694, 84.7, 643, 1.3);
INSERT INTO candidate (id, constituency_id, name, party, coalition) VALUES (201, 84, "Zahari Mamat", "IND", "IND");
INSERT INTO result (constituency_id, candidate_id, votes, votes_p, winner, majority) VALUES (84, 201, 272, 0.7, 0, 0);
INSERT INTO candidate (id, constituency_id, name, party, coalition) VALUES (202, 85, "Najib Razak", "UMNO", "BN");
INSERT INTO result (constituency_id, candidate_id, votes, votes_p, winner, majority) VALUES (85, 202, 51278, 75.2, 1, 35613);
INSERT INTO candidate (id, constituency_id, name, party, coalition) VALUES (203, 85, "Fariz Musa", "PKR", "PR");
INSERT INTO result (constituency_id, candidate_id, votes, votes_p, winner, majority) VALUES (85, 203, 15665, 23.0, 0, 0);
INSERT INTO constituency (id, code, name, state_id, incumbent, eligible_voters, malay_voters, chinese_voters, indian_voters, others_voters, muslim_bumi_voters, non_muslim_bumi_voters, latitude, longitude) VALUES (85, "P085", "Pekan", 6, "Najib Razak (BN-UMNO)", 80260, 88, 2, 0, 9, 0, 0, 3.492095, 103.3895446);
INSERT INTO stat (constituency_id, voter_turnout, voter_turnout_p, spoilt_votes, spoilt_votes_p) VALUES (85, 68218, 85.0, 1275, 1.6);
INSERT INTO candidate (id, constituency_id, name, party, coalition) VALUES (204, 86, "Ismail Muttalib", "UMNO", "BN");
INSERT INTO result (constituency_id, candidate_id, votes, votes_p, winner, majority) VALUES (86, 204, 19249, 59.1, 1, 6475);
INSERT INTO candidate (id, constituency_id, name, party, coalition) VALUES (205, 86, "Mujibur Rahman Ishak", "PAS", "PR");
INSERT INTO result (constituency_id, candidate_id, votes, votes_p, winner, majority) VALUES (86, 205, 12774, 39.2, 0, 0);
INSERT INTO constituency (id, code, name, state_id, incumbent, eligible_voters, malay_voters, chinese_voters, indian_voters, others_voters, muslim_bumi_voters, non_muslim_bumi_voters, latitude, longitude) VALUES (86, "P086", "Maran", 6, "Ismail Muttalib (BN-UMNO)", 38436, 90, 7, 0, 2, 0, 0, 3.58338, 102.7790651);
INSERT INTO stat (constituency_id, voter_turnout, voter_turnout_p, spoilt_votes, spoilt_votes_p) VALUES (86, 32595, 84.8, 572, 1.5);
INSERT INTO candidate (id, constituency_id, name, party, coalition) VALUES (206, 87, "Ismail Mohamed Said", "UMNO", "BN");
INSERT INTO result (constituency_id, candidate_id, votes, votes_p, winner, majority) VALUES (87, 206, 21575, 57.5, 1, 6205);
INSERT INTO candidate (id, constituency_id, name, party, coalition) VALUES (207, 87, "Shahril Azman Abd Halim", "PAS", "PR");
INSERT INTO result (constituency_id, candidate_id, votes, votes_p, winner, majority) VALUES (87, 207, 15370, 40.9, 0, 0);
INSERT INTO constituency (id, code, name, state_id, incumbent, eligible_voters, malay_voters, chinese_voters, indian_voters, others_voters, muslim_bumi_voters, non_muslim_bumi_voters, latitude, longitude) VALUES (87, "P087", "Kuala Krau", 6, "Ismail Mohamed Said (BN-UMNO)", 43003, 90, 3, 0, 5, 0, 0, 3.698271, 102.3643895);
INSERT INTO stat (constituency_id, voter_turnout, voter_turnout_p, spoilt_votes, spoilt_votes_p) VALUES (87, 37548, 87.3, 603, 1.4);
INSERT INTO candidate (id, constituency_id, name, party, coalition) VALUES (208, 88, "Nasrudin Hassan", "PAS", "PR");
INSERT INTO result (constituency_id, candidate_id, votes, votes_p, winner, majority) VALUES (88, 208, 28267, 50.1, 1, 1070);
INSERT INTO candidate (id, constituency_id, name, party, coalition) VALUES (209, 88, "Saifuddin Abdullah", "UMNO", "BN");
INSERT INTO result (constituency_id, candidate_id, votes, votes_p, winner, majority) VALUES (88, 209, 27197, 48.2, 0, 0);
INSERT INTO constituency (id, code, name, state_id, incumbent, eligible_voters, malay_voters, chinese_voters, indian_voters, others_voters, muslim_bumi_voters, non_muslim_bumi_voters, latitude, longitude) VALUES (88, "P088", "Temerloh", 6, "Saifuddin Abdullah (BN-UMNO)", 66105, 64, 24, 9, 0, 0, 0, 3.448649, 102.4163482);
INSERT INTO stat (constituency_id, voter_turnout, voter_turnout_p, spoilt_votes, spoilt_votes_p) VALUES (88, 56441, 85.4, 977, 1.5);
INSERT INTO candidate (id, constituency_id, name, party, coalition) VALUES (210, 89, "Liow Tiong Lai", "MCA", "BN");
INSERT INTO result (constituency_id, candidate_id, votes, votes_p, winner, majority) VALUES (89, 210, 25947, 49.4, 1, 379);
INSERT INTO candidate (id, constituency_id, name, party, coalition) VALUES (211, 89, "Wong Tack", "DAP", "PR");
INSERT INTO result (constituency_id, candidate_id, votes, votes_p, winner, majority) VALUES (89, 211, 25568, 48.7, 0, 0);
INSERT INTO constituency (id, code, name, state_id, incumbent, eligible_voters, malay_voters, chinese_voters, indian_voters, others_voters, muslim_bumi_voters, non_muslim_bumi_voters, latitude, longitude) VALUES (89, "P089", "Bentong", 6, "Liow Tiong Lai (BN-MCA)", 62266, 45, 44, 9, 0, 0, 0, 3.522168, 101.910353);
INSERT INTO stat (constituency_id, voter_turnout, voter_turnout_p, spoilt_votes, spoilt_votes_p) VALUES (89, 52503, 84.3, 988, 1.6);
INSERT INTO candidate (id, constituency_id, name, party, coalition) VALUES (212, 90, "Ismail Sabri Yaakob", "UMNO", "BN");
INSERT INTO result (constituency_id, candidate_id, votes, votes_p, winner, majority) VALUES (90, 212, 21669, 50.6, 1, 2143);
INSERT INTO candidate (id, constituency_id, name, party, coalition) VALUES (213, 90, "Zakaria Abdul Hamid", "PKR", "PR");
INSERT INTO result (constituency_id, candidate_id, votes, votes_p, winner, majority) VALUES (90, 213, 19526, 45.6, 0, 0);
INSERT INTO constituency (id, code, name, state_id, incumbent, eligible_voters, malay_voters, chinese_voters, indian_voters, others_voters, muslim_bumi_voters, non_muslim_bumi_voters, latitude, longitude) VALUES (90, "P090", "Bera", 6, "Ismail Sabri Yaakob (BN-UMNO)", 50997, 59, 32, 0, 5, 0, 0, 3.2705262, 102.4538639);
INSERT INTO stat (constituency_id, voter_turnout, voter_turnout_p, spoilt_votes, spoilt_votes_p) VALUES (90, 42830, 84.0, 965, 1.9);
INSERT INTO candidate (id, constituency_id, name, party, coalition) VALUES (214, 90, "Mohd Wali Alang Ahamad", "IND", "IND");
INSERT INTO result (constituency_id, candidate_id, votes, votes_p, winner, majority) VALUES (90, 214, 670, 1.6, 0, 0);
INSERT INTO candidate (id, constituency_id, name, party, coalition) VALUES (215, 91, "Jamaluddin Jarjis", "UMNO", "BN");
INSERT INTO result (constituency_id, candidate_id, votes, votes_p, winner, majority) VALUES (91, 215, 30040, 65.5, 1, 15114);
INSERT INTO candidate (id, constituency_id, name, party, coalition) VALUES (216, 91, "Nuridah Mohd Salleh", "PAS", "PR");
INSERT INTO result (constituency_id, candidate_id, votes, votes_p, winner, majority) VALUES (91, 216, 14926, 32.6, 0, 0);
INSERT INTO constituency (id, code, name, state_id, incumbent, eligible_voters, malay_voters, chinese_voters, indian_voters, others_voters, muslim_bumi_voters, non_muslim_bumi_voters, latitude, longitude) VALUES (91, "P091", "Rompin", 6, "Jamaluddin Jarjis (BN-UMNO)", 53596, 87, 2, 0, 9, 0, 0, 2.688626, 102.522802);
INSERT INTO stat (constituency_id, voter_turnout, voter_turnout_p, spoilt_votes, spoilt_votes_p) VALUES (91, 45849, 85.5, 883, 1.6);
INSERT INTO state (id, name) VALUES (7, "Selangor");
INSERT INTO candidate (id, constituency_id, name, party, coalition) VALUES (217, 92, "Mohd Fasiah Mohd Fakeh", "UMNO", "BN");
INSERT INTO result (constituency_id, candidate_id, votes, votes_p, winner, majority) VALUES (92, 217, 16510, 52.1, 1, 1890);
INSERT INTO candidate (id, constituency_id, name, party, coalition) VALUES (218, 92, "Abdul Aziz Bari", "PKR", "PR");
INSERT INTO result (constituency_id, candidate_id, votes, votes_p, winner, majority) VALUES (92, 218, 14620, 46.1, 0, 0);
INSERT INTO constituency (id, code, name, state_id, incumbent, eligible_voters, malay_voters, chinese_voters, indian_voters, others_voters, muslim_bumi_voters, non_muslim_bumi_voters, latitude, longitude) VALUES (92, "P092", "Sabak Bernam", 7, "Abdul Rahman Bakri (BN-UMNO)", 37318, 81, 13, 5, 0, 0, 0, 3.6787768, 100.9905919);
INSERT INTO stat (constituency_id, voter_turnout, voter_turnout_p, spoilt_votes, spoilt_votes_p) VALUES (92, 31706, 84.9, 576, 1.5);
INSERT INTO candidate (id, constituency_id, name, party, coalition) VALUES (219, 93, "Noriah Kasnon", "UMNO", "BN");
INSERT INTO result (constituency_id, candidate_id, votes, votes_p, winner, majority) VALUES (93, 219, 18695, 49.6, 1, 399);
INSERT INTO candidate (id, constituency_id, name, party, coalition) VALUES (220, 93, "Mohamed Salleh M Husin", "PAS", "PR");
INSERT INTO result (constituency_id, candidate_id, votes, votes_p, winner, majority) VALUES (93, 220, 18296, 48.6, 0, 0);
INSERT INTO constituency (id, code, name, state_id, incumbent, eligible_voters, malay_voters, chinese_voters, indian_voters, others_voters, muslim_bumi_voters, non_muslim_bumi_voters, latitude, longitude) VALUES (93, "P093", "Sungai Besar", 7, "Noriah Kasnon (BN-UMNO)", 42837, 66, 31, 2, 0, 0, 0, 3.675398, 100.9857899);
INSERT INTO stat (constituency_id, voter_turnout, voter_turnout_p, spoilt_votes, spoilt_votes_p) VALUES (93, 37681, 88.0, 690, 1.6);
INSERT INTO candidate (id, constituency_id, name, party, coalition) VALUES (221, 94, "Kamalanathan Panchanathan", "MIC", "BN");
INSERT INTO result (constituency_id, candidate_id, votes, votes_p, winner, majority) VALUES (94, 221, 37403, 49.9, 1, 3414);
INSERT INTO candidate (id, constituency_id, name, party, coalition) VALUES (222, 94, "Khalid Jaafar", "PKR", "PR");
INSERT INTO result (constituency_id, candidate_id, votes, votes_p, winner, majority) VALUES (94, 222, 33989, 45.4, 0, 0);
INSERT INTO constituency (id, code, name, state_id, incumbent, eligible_voters, malay_voters, chinese_voters, indian_voters, others_voters, muslim_bumi_voters, non_muslim_bumi_voters, latitude, longitude) VALUES (94, "P094", "Hulu Selangor", 7, "Kamalanathan Panchanathan (BN-MIC)", 85697, 56, 23, 18, 0, 0, 0, 3.5601046, 101.6583123);
INSERT INTO stat (constituency_id, voter_turnout, voter_turnout_p, spoilt_votes, spoilt_votes_p) VALUES (94, 74947, 87.4, 1451, 1.7);
INSERT INTO candidate (id, constituency_id, name, party, coalition) VALUES (223, 94, "Radzali Mokhtar", "IND", "IND");
INSERT INTO result (constituency_id, candidate_id, votes, votes_p, winner, majority) VALUES (94, 223, 1105, 1.5, 0, 0);
INSERT INTO candidate (id, constituency_id, name, party, coalition) VALUES (224, 94, "Santhara Kumar", "IND", "IND");
INSERT INTO result (constituency_id, candidate_id, votes, votes_p, winner, majority) VALUES (94, 224, 999, 1.3, 0, 0);
INSERT INTO candidate (id, constituency_id, name, party, coalition) VALUES (225, 95, "Noh Omar", "UMNO", "BN");
INSERT INTO result (constituency_id, candidate_id, votes, votes_p, winner, majority) VALUES (95, 225, 20548, 54.5, 1, 4394);
INSERT INTO candidate (id, constituency_id, name, party, coalition) VALUES (226, 95, "Mohamad Rashdi Deraman", "PAS", "PR");
INSERT INTO result (constituency_id, candidate_id, votes, votes_p, winner, majority) VALUES (95, 226, 16154, 42.9, 0, 0);
INSERT INTO constituency (id, code, name, state_id, incumbent, eligible_voters, malay_voters, chinese_voters, indian_voters, others_voters, muslim_bumi_voters, non_muslim_bumi_voters, latitude, longitude) VALUES (95, "P095", "Tanjong Karang", 7, "Noh Omar (BN-UMNO)", 42333, 72, 17, 10, 0, 0, 0, 3.426409, 101.1767141);
INSERT INTO stat (constituency_id, voter_turnout, voter_turnout_p, spoilt_votes, spoilt_votes_p) VALUES (95, 37676, 89.0, 634, 1.5);
INSERT INTO candidate (id, constituency_id, name, party, coalition) VALUES (227, 95, "Masrun Tamsi", "IND", "IND");
INSERT INTO result (constituency_id, candidate_id, votes, votes_p, winner, majority) VALUES (95, 227, 340, 0.9, 0, 0);
INSERT INTO candidate (id, constituency_id, name, party, coalition) VALUES (228, 96, "Irmohizan Ibrahim", "UMNO", "BN");
INSERT INTO result (constituency_id, candidate_id, votes, votes_p, winner, majority) VALUES (96, 228, 27500, 49.6, 1, 460);
INSERT INTO candidate (id, constituency_id, name, party, coalition) VALUES (229, 96, "Dzulkefly Ahmad", "PAS", "PR");
INSERT INTO result (constituency_id, candidate_id, votes, votes_p, winner, majority) VALUES (96, 229, 27040, 48.7, 0, 0);
INSERT INTO constituency (id, code, name, state_id, incumbent, eligible_voters, malay_voters, chinese_voters, indian_voters, others_voters, muslim_bumi_voters, non_muslim_bumi_voters, latitude, longitude) VALUES (96, "P096", "Kuala Selangor", 7, "Dzulkefly Ahmad (PR-PAS)", 62298, 64, 13, 22, 0, 0, 0, 3.340184, 101.249762);
INSERT INTO stat (constituency_id, voter_turnout, voter_turnout_p, spoilt_votes, spoilt_votes_p) VALUES (96, 55474, 89.0, 934, 1.5);
INSERT INTO candidate (id, constituency_id, name, party, coalition) VALUES (230, 97, "William Leong Jee Keen", "PKR", "PR");
INSERT INTO result (constituency_id, candidate_id, votes, votes_p, winner, majority) VALUES (97, 230, 52343, 56.7, 1, 17958);
INSERT INTO candidate (id, constituency_id, name, party, coalition) VALUES (231, 97, "Donald Lim Siang Chai", "MCA", "BN");
INSERT INTO result (constituency_id, candidate_id, votes, votes_p, winner, majority) VALUES (97, 231, 34385, 37.2, 0, 0);
INSERT INTO constituency (id, code, name, state_id, incumbent, eligible_voters, malay_voters, chinese_voters, indian_voters, others_voters, muslim_bumi_voters, non_muslim_bumi_voters, latitude, longitude) VALUES (97, "P097", "Selayang", 7, "William Leong Jee Keen (PR-PKR)", 105895, 45, 36, 17, 0, 0, 0, 3.263739, 101.6538245);
INSERT INTO stat (constituency_id, voter_turnout, voter_turnout_p, spoilt_votes, spoilt_votes_p) VALUES (97, 92315, 87.2, 1435, 1.4);
INSERT INTO candidate (id, constituency_id, name, party, coalition) VALUES (232, 97, " Rahman", "BERJASA", "BERJASA");
INSERT INTO result (constituency_id, candidate_id, votes, votes_p, winner, majority) VALUES (97, 232, 4152, 4.5, 0, 0);
INSERT INTO candidate (id, constituency_id, name, party, coalition) VALUES (233, 98, "Mohamed Azmin Ali", "PKR", "PR");
INSERT INTO result (constituency_id, candidate_id, votes, votes_p, winner, majority) VALUES (98, 233, 54827, 51.4, 1, 4734);
INSERT INTO candidate (id, constituency_id, name, party, coalition) VALUES (234, 98, "Rahman Ismail", "UMNO", "BN");
INSERT INTO result (constituency_id, candidate_id, votes, votes_p, winner, majority) VALUES (98, 234, 50093, 46.9, 0, 0);
INSERT INTO constituency (id, code, name, state_id, incumbent, eligible_voters, malay_voters, chinese_voters, indian_voters, others_voters, muslim_bumi_voters, non_muslim_bumi_voters, latitude, longitude) VALUES (98, "P098", "Gombak", 7, "Mohamed Azmin Ali (PR-PKR)", 123290, 74, 13, 11, 0, 0, 0, 3.2535016, 101.6533256);
INSERT INTO stat (constituency_id, voter_turnout, voter_turnout_p, spoilt_votes, spoilt_votes_p) VALUES (98, 106747, 86.6, 1353, 1.1);
INSERT INTO candidate (id, constituency_id, name, party, coalition) VALUES (235, 98, "Said Nazar Abu Baker", "IND", "IND");
INSERT INTO result (constituency_id, candidate_id, votes, votes_p, winner, majority) VALUES (98, 235, 474, 0.4, 0, 0);
INSERT INTO candidate (id, constituency_id, name, party, coalition) VALUES (236, 99, "Zuraida Kamarudin", "PKR", "PR");
INSERT INTO result (constituency_id, candidate_id, votes, votes_p, winner, majority) VALUES (99, 236, 41969, 58.8, 1, 13278);
INSERT INTO candidate (id, constituency_id, name, party, coalition) VALUES (237, 99, "Rozaidah Talib", "UMNO", "BN");
INSERT INTO result (constituency_id, candidate_id, votes, votes_p, winner, majority) VALUES (99, 237, 28691, 40.2, 0, 0);
INSERT INTO constituency (id, code, name, state_id, incumbent, eligible_voters, malay_voters, chinese_voters, indian_voters, others_voters, muslim_bumi_voters, non_muslim_bumi_voters, latitude, longitude) VALUES (99, "P099", "Ampang", 7, "Zuraida Kamarudin (PR-PKR)", 83135, 55, 34, 10, 0, 0, 0, 3.149099, 101.7624521);
INSERT INTO stat (constituency_id, voter_turnout, voter_turnout_p, spoilt_votes, spoilt_votes_p) VALUES (99, 71398, 85.9, 738, 0.9);
INSERT INTO candidate (id, constituency_id, name, party, coalition) VALUES (238, 100, "Rafizi Ramli", "PKR", "PR");
INSERT INTO result (constituency_id, candidate_id, votes, votes_p, winner, majority) VALUES (100, 238, 48183, 65.9, 1, 26729);
INSERT INTO candidate (id, constituency_id, name, party, coalition) VALUES (239, 100, "Lim Chin Yee", "MCA", "BN");
INSERT INTO result (constituency_id, candidate_id, votes, votes_p, winner, majority) VALUES (100, 239, 21454, 29.4, 0, 0);
INSERT INTO constituency (id, code, name, state_id, incumbent, eligible_voters, malay_voters, chinese_voters, indian_voters, others_voters, muslim_bumi_voters, non_muslim_bumi_voters, latitude, longitude) VALUES (100, "P100", "Pandan", 7, "Ong Tee Keat (BN-MCA)", 83857, 44, 48, 7, 0, 0, 0, 3.15533, 113.3694);
INSERT INTO stat (constituency_id, voter_turnout, voter_turnout_p, spoilt_votes, spoilt_votes_p) VALUES (100, 73075, 87.1, 1023, 1.2);
INSERT INTO candidate (id, constituency_id, name, party, coalition) VALUES (240, 100, "Tan Yew Leng", "IND", "IND");
INSERT INTO result (constituency_id, candidate_id, votes, votes_p, winner, majority) VALUES (100, 240, 2415, 3.3, 0, 0);
INSERT INTO candidate (id, constituency_id, name, party, coalition) VALUES (241, 101, "Che Rosli Che Mat", "PAS", "PR");
INSERT INTO result (constituency_id, candidate_id, votes, votes_p, winner, majority) VALUES (101, 241, 64127, 57.1, 1, 17267);
INSERT INTO candidate (id, constituency_id, name, party, coalition) VALUES (242, 101, "Adzhaliza Mohd Nor", "UMNO", "BN");
INSERT INTO result (constituency_id, candidate_id, votes, votes_p, winner, majority) VALUES (101, 242, 46860, 41.7, 0, 0);
INSERT INTO constituency (id, code, name, state_id, incumbent, eligible_voters, malay_voters, chinese_voters, indian_voters, others_voters, muslim_bumi_voters, non_muslim_bumi_voters, latitude, longitude) VALUES (101, "P101", "Hulu Langat", 7, "Che Rosli Che Mat (PR-PAS)", 127347, 53, 34, 11, 0, 0, 0, 3.113117, 101.815673);
INSERT INTO stat (constituency_id, voter_turnout, voter_turnout_p, spoilt_votes, spoilt_votes_p) VALUES (101, 112322, 88.2, 1335, 1.0);
INSERT INTO candidate (id, constituency_id, name, party, coalition) VALUES (243, 102, "Ong Kian Ming", "DAP", "PR");
INSERT INTO result (constituency_id, candidate_id, votes, votes_p, winner, majority) VALUES (102, 243, 79238, 67.1, 1, 42206);
INSERT INTO candidate (id, constituency_id, name, party, coalition) VALUES (244, 102, "Yap Pian Hon", "MCA", "BN");
INSERT INTO result (constituency_id, candidate_id, votes, votes_p, winner, majority) VALUES (102, 244, 37032, 31.4, 0, 0);
INSERT INTO constituency (id, code, name, state_id, incumbent, eligible_voters, malay_voters, chinese_voters, indian_voters, others_voters, muslim_bumi_voters, non_muslim_bumi_voters, latitude, longitude) VALUES (102, "P102", "Serdang", 7, "Teo Nie Ching (PR-DAP)", 133139, 39, 49, 11, 0, 0, 0, 5.210052, 100.612449);
INSERT INTO stat (constituency_id, voter_turnout, voter_turnout_p, spoilt_votes, spoilt_votes_p) VALUES (102, 118048, 88.7, 1778, 1.3);
INSERT INTO candidate (id, constituency_id, name, party, coalition) VALUES (245, 103, "Gobind Singh Deo", "DAP", "PR");
INSERT INTO result (constituency_id, candidate_id, votes, votes_p, winner, majority) VALUES (103, 245, 62938, 66.7, 1, 32802);
INSERT INTO candidate (id, constituency_id, name, party, coalition) VALUES (246, 103, " Kohilan Pillay", "Gerakan", "BN");
INSERT INTO result (constituency_id, candidate_id, votes, votes_p, winner, majority) VALUES (103, 246, 30136, 31.9, 0, 0);
INSERT INTO constituency (id, code, name, state_id, incumbent, eligible_voters, malay_voters, chinese_voters, indian_voters, others_voters, muslim_bumi_voters, non_muslim_bumi_voters, latitude, longitude) VALUES (103, "P103", "Puchong", 7, "Gobind Singh Deo (PR-DAP)", 107010, 39, 44, 16, 0, 0, 0, 3.0327152, 101.618802);
INSERT INTO stat (constituency_id, voter_turnout, voter_turnout_p, spoilt_votes, spoilt_votes_p) VALUES (103, 94335, 88.1, 1261, 1.2);
INSERT INTO candidate (id, constituency_id, name, party, coalition) VALUES (247, 104, "Wong Chen", "PKR", "PR");
INSERT INTO result (constituency_id, candidate_id, votes, votes_p, winner, majority) VALUES (104, 247, 56790, 65.8, 1, 28827);
INSERT INTO candidate (id, constituency_id, name, party, coalition) VALUES (248, 104, "Loh Seng Kok", "MCA", "BN");
INSERT INTO result (constituency_id, candidate_id, votes, votes_p, winner, majority) VALUES (104, 248, 27963, 32.4, 0, 0);
INSERT INTO constituency (id, code, name, state_id, incumbent, eligible_voters, malay_voters, chinese_voters, indian_voters, others_voters, muslim_bumi_voters, non_muslim_bumi_voters, latitude, longitude) VALUES (104, "P104", "Kelana Jaya", 7, "Loh Gwo Burne (PR-PKR)", 101236, 38, 42, 18, 0, 0, 0, 3.1041928, 101.6104867);
INSERT INTO stat (constituency_id, voter_turnout, voter_turnout_p, spoilt_votes, spoilt_votes_p) VALUES (104, 86287, 85.2, 1171, 1.1);
INSERT INTO candidate (id, constituency_id, name, party, coalition) VALUES (249, 104, "Toh Sin Wah", "IND", "IND");
INSERT INTO result (constituency_id, candidate_id, votes, votes_p, winner, majority) VALUES (104, 249, 363, 0.4, 0, 0);
INSERT INTO candidate (id, constituency_id, name, party, coalition) VALUES (250, 105, "Hee Loy Sian", "PKR", "PR");
INSERT INTO result (constituency_id, candidate_id, votes, votes_p, winner, majority) VALUES (105, 250, 41062, 63.0, 1, 19216);
INSERT INTO candidate (id, constituency_id, name, party, coalition) VALUES (251, 105, "Sheah Kok Fah", "MCA", "BN");
INSERT INTO result (constituency_id, candidate_id, votes, votes_p, winner, majority) VALUES (105, 251, 21846, 33.5, 0, 0);
INSERT INTO constituency (id, code, name, state_id, incumbent, eligible_voters, malay_voters, chinese_voters, indian_voters, others_voters, muslim_bumi_voters, non_muslim_bumi_voters, latitude, longitude) VALUES (105, "P105", "Petaling Jaya Selatan", 7, "Hee Loy Sian (PR-PKR)", 79558, 40, 42, 17, 0, 0, 0, 3.0441486, 101.6283971);
INSERT INTO stat (constituency_id, voter_turnout, voter_turnout_p, spoilt_votes, spoilt_votes_p) VALUES (105, 65185, 81.9, 830, 1.0);
INSERT INTO candidate (id, constituency_id, name, party, coalition) VALUES (252, 105, "Ibrahim Khatib", "IND", "IND");
INSERT INTO result (constituency_id, candidate_id, votes, votes_p, winner, majority) VALUES (105, 252, 1447, 2.2, 0, 0);
INSERT INTO candidate (id, constituency_id, name, party, coalition) VALUES (253, 106, "Tony Pua Kiam Wee", "DAP", "PR");
INSERT INTO result (constituency_id, candidate_id, votes, votes_p, winner, majority) VALUES (106, 253, 57407, 81.3, 1, 44672);
INSERT INTO candidate (id, constituency_id, name, party, coalition) VALUES (254, 106, "Chew Hoong Ling", "MCA", "BN");
INSERT INTO result (constituency_id, candidate_id, votes, votes_p, winner, majority) VALUES (106, 254, 12735, 18.0, 0, 0);
INSERT INTO constituency (id, code, name, state_id, incumbent, eligible_voters, malay_voters, chinese_voters, indian_voters, others_voters, muslim_bumi_voters, non_muslim_bumi_voters, latitude, longitude) VALUES (106, "P106", "Petaling Jaya Utara", 7, "Tony Pua Kiam Wee (PR-DAP)", 85401, 14, 77, 7, 0, 0, 0, 3.1093122, 101.644061);
INSERT INTO stat (constituency_id, voter_turnout, voter_turnout_p, spoilt_votes, spoilt_votes_p) VALUES (106, 70614, 82.7, 472, 0.6);
INSERT INTO candidate (id, constituency_id, name, party, coalition) VALUES (255, 107, " Rasiah", "PKR", "PR");
INSERT INTO result (constituency_id, candidate_id, votes, votes_p, winner, majority) VALUES (107, 255, 66268, 58.8, 1, 26719);
INSERT INTO candidate (id, constituency_id, name, party, coalition) VALUES (256, 107, "Pakas Rao Applanaidoo", "MIC", "BN");
INSERT INTO result (constituency_id, candidate_id, votes, votes_p, winner, majority) VALUES (107, 256, 39549, 35.1, 0, 0);
INSERT INTO constituency (id, code, name, state_id, incumbent, eligible_voters, malay_voters, chinese_voters, indian_voters, others_voters, muslim_bumi_voters, non_muslim_bumi_voters, latitude, longitude) VALUES (107, "P107", "Subang", 7, "Sivarasa K. Rasiah (PR-PKR)", 128543, 48, 38, 13, 0, 0, 0, 3.1284663, 101.5532255);
INSERT INTO stat (constituency_id, voter_turnout, voter_turnout_p, spoilt_votes, spoilt_votes_p) VALUES (107, 112618, 87.6, 1669, 1.3);
INSERT INTO candidate (id, constituency_id, name, party, coalition) VALUES (257, 107, "Mohamad Ismail", "BERJASA", "BERJASA");
INSERT INTO result (constituency_id, candidate_id, votes, votes_p, winner, majority) VALUES (107, 257, 4454, 4.0, 0, 0);
INSERT INTO candidate (id, constituency_id, name, party, coalition) VALUES (258, 107, "Nazaruddin Mohamed Ferdoos", "IND", "IND");
INSERT INTO result (constituency_id, candidate_id, votes, votes_p, winner, majority) VALUES (107, 258, 460, 0.4, 0, 0);
INSERT INTO candidate (id, constituency_id, name, party, coalition) VALUES (259, 107, "Edros Abdullah", "IND", "IND");
INSERT INTO result (constituency_id, candidate_id, votes, votes_p, winner, majority) VALUES (107, 259, 218, 0.2, 0, 0);
INSERT INTO candidate (id, constituency_id, name, party, coalition) VALUES (260, 108, "Khalid Samad", "PAS", "PR");
INSERT INTO result (constituency_id, candidate_id, votes, votes_p, winner, majority) VALUES (108, 260, 49009, 55.7, 1, 10939);
INSERT INTO candidate (id, constituency_id, name, party, coalition) VALUES (261, 108, "Zulkifli Noordin", "UMNO", "BN");
INSERT INTO result (constituency_id, candidate_id, votes, votes_p, winner, majority) VALUES (108, 261, 38070, 43.3, 0, 0);
INSERT INTO constituency (id, code, name, state_id, incumbent, eligible_voters, malay_voters, chinese_voters, indian_voters, others_voters, muslim_bumi_voters, non_muslim_bumi_voters, latitude, longitude) VALUES (108, "P108", "Shah Alam", 7, "Khalid Samad (PR-PAS)", 99957, 69, 15, 14, 0, 0, 0, 3.073281, 101.518461);
INSERT INTO stat (constituency_id, voter_turnout, voter_turnout_p, spoilt_votes, spoilt_votes_p) VALUES (108, 87942, 88.0, 863, 0.9);
INSERT INTO candidate (id, constituency_id, name, party, coalition) VALUES (262, 109, " Manivannan Gowindasamy", "PKR", "PR");
INSERT INTO result (constituency_id, candidate_id, votes, votes_p, winner, majority) VALUES (109, 262, 69849, 55.1, 1, 23790);
INSERT INTO candidate (id, constituency_id, name, party, coalition) VALUES (263, 109, "Sakthivel Alagappan", "MIC", "BN");
INSERT INTO result (constituency_id, candidate_id, votes, votes_p, winner, majority) VALUES (109, 263, 46059, 36.4, 0, 0);
INSERT INTO constituency (id, code, name, state_id, incumbent, eligible_voters, malay_voters, chinese_voters, indian_voters, others_voters, muslim_bumi_voters, non_muslim_bumi_voters, latitude, longitude) VALUES (109, "P109", "Kapar", 7, "Manikavasagam Sundram (PR-PKR)", 144159, 51, 34, 14, 0, 0, 0, 3.137271, 101.374412);
INSERT INTO stat (constituency_id, voter_turnout, voter_turnout_p, spoilt_votes, spoilt_votes_p) VALUES (109, 126709, 87.9, 2379, 1.7);
INSERT INTO candidate (id, constituency_id, name, party, coalition) VALUES (264, 109, "Mohd Pathan Hussin", "BERJASA", "BERJASA");
INSERT INTO result (constituency_id, candidate_id, votes, votes_p, winner, majority) VALUES (109, 264, 6289, 5.0, 0, 0);
INSERT INTO candidate (id, constituency_id, name, party, coalition) VALUES (265, 109, "Norhamzah Suratman", "IND", "IND");
INSERT INTO result (constituency_id, candidate_id, votes, votes_p, winner, majority) VALUES (109, 265, 1067, 0.8, 0, 0);
INSERT INTO candidate (id, constituency_id, name, party, coalition) VALUES (266, 109, "Mohd Nazri Abdul Aziz", "IND", "IND");
INSERT INTO result (constituency_id, candidate_id, votes, votes_p, winner, majority) VALUES (109, 266, 835, 0.7, 0, 0);
INSERT INTO candidate (id, constituency_id, name, party, coalition) VALUES (267, 109, "Palaya Rengaiah", "IND", "IND");
INSERT INTO result (constituency_id, candidate_id, votes, votes_p, winner, majority) VALUES (109, 267, 231, 0.2, 0, 0);
INSERT INTO candidate (id, constituency_id, name, party, coalition) VALUES (268, 110, " Santiago", "DAP", "PR");
INSERT INTO result (constituency_id, candidate_id, votes, votes_p, winner, majority) VALUES (110, 268, 53719, 63.9, 1, 24685);
INSERT INTO candidate (id, constituency_id, name, party, coalition) VALUES (269, 110, "Teh Kim Poo", "MCA", "BN");
INSERT INTO result (constituency_id, candidate_id, votes, votes_p, winner, majority) VALUES (110, 269, 29034, 34.5, 0, 0);
INSERT INTO constituency (id, code, name, state_id, incumbent, eligible_voters, malay_voters, chinese_voters, indian_voters, others_voters, muslim_bumi_voters, non_muslim_bumi_voters, latitude, longitude) VALUES (110, "P110", "Klang", 7, "Charles Anthony R. Santiago (PR-DAP)", 97073, 32, 46, 20, 0, 0, 0, 3.044917, 101.4455621);
INSERT INTO stat (constituency_id, voter_turnout, voter_turnout_p, spoilt_votes, spoilt_votes_p) VALUES (110, 84095, 86.6, 1342, 1.4);
INSERT INTO candidate (id, constituency_id, name, party, coalition) VALUES (270, 111, "Siti Mariah Mahmud", "PAS", "PR");
INSERT INTO result (constituency_id, candidate_id, votes, votes_p, winner, majority) VALUES (111, 270, 59106, 63.9, 1, 29395);
INSERT INTO candidate (id, constituency_id, name, party, coalition) VALUES (271, 111, "Murugesan Sinnandavar", "MIC", "BN");
INSERT INTO result (constituency_id, candidate_id, votes, votes_p, winner, majority) VALUES (111, 271, 29711, 32.1, 0, 0);
INSERT INTO constituency (id, code, name, state_id, incumbent, eligible_voters, malay_voters, chinese_voters, indian_voters, others_voters, muslim_bumi_voters, non_muslim_bumi_voters, latitude, longitude) VALUES (111, "P111", "Kota Raja", 7, "Siti Mariah Mahmud (PR-PAS)", 105909, 44, 25, 29, 0, 0, 0, 2.503732, 102.1142362);
INSERT INTO stat (constituency_id, voter_turnout, voter_turnout_p, spoilt_votes, spoilt_votes_p) VALUES (111, 92563, 87.4, 1102, 1.0);
INSERT INTO candidate (id, constituency_id, name, party, coalition) VALUES (272, 111, "Uthayakumar Ponnusamy", "IND", "IND");
INSERT INTO result (constituency_id, candidate_id, votes, votes_p, winner, majority) VALUES (111, 272, 2364, 2.6, 0, 0);
INSERT INTO candidate (id, constituency_id, name, party, coalition) VALUES (273, 111, "Azman Idrus", "IND", "IND");
INSERT INTO result (constituency_id, candidate_id, votes, votes_p, winner, majority) VALUES (111, 273, 280, 0.3, 0, 0);
INSERT INTO candidate (id, constituency_id, name, party, coalition) VALUES (274, 112, "Abdullah Sani Abdul Hamid", "PKR", "PR");
INSERT INTO result (constituency_id, candidate_id, votes, votes_p, winner, majority) VALUES (112, 274, 40983, 52.2, 1, 5358);
INSERT INTO candidate (id, constituency_id, name, party, coalition) VALUES (275, 112, "Sharuddin Omar", "UMNO", "BN");
INSERT INTO result (constituency_id, candidate_id, votes, votes_p, winner, majority) VALUES (112, 275, 35625, 45.4, 0, 0);
INSERT INTO constituency (id, code, name, state_id, incumbent, eligible_voters, malay_voters, chinese_voters, indian_voters, others_voters, muslim_bumi_voters, non_muslim_bumi_voters, latitude, longitude) VALUES (112, "P112", "Kuala Langat", 7, "Abdullah Sani Abdul Hamid (PR-PKR)", 88474, 52, 26, 17, 0, 0, 0, 2.8038283, 101.4950699);
INSERT INTO stat (constituency_id, voter_turnout, voter_turnout_p, spoilt_votes, spoilt_votes_p) VALUES (112, 78551, 88.8, 1523, 1.7);
INSERT INTO candidate (id, constituency_id, name, party, coalition) VALUES (276, 112, "Kottappan Suppaiah", "IND", "IND");
INSERT INTO result (constituency_id, candidate_id, votes, votes_p, winner, majority) VALUES (112, 276, 426, 0.5, 0, 0);
INSERT INTO candidate (id, constituency_id, name, party, coalition) VALUES (277, 113, "Mohamed Hanipa Maidin", "PAS", "PR");
INSERT INTO result (constituency_id, candidate_id, votes, votes_p, winner, majority) VALUES (113, 277, 36800, 49.1, 1, 1142);
INSERT INTO candidate (id, constituency_id, name, party, coalition) VALUES (278, 113, "Mohd Zin Mohamed", "UMNO", "BN");
INSERT INTO result (constituency_id, candidate_id, votes, votes_p, winner, majority) VALUES (113, 278, 35658, 47.6, 0, 0);
INSERT INTO constituency (id, code, name, state_id, incumbent, eligible_voters, malay_voters, chinese_voters, indian_voters, others_voters, muslim_bumi_voters, non_muslim_bumi_voters, latitude, longitude) VALUES (113, "P113", "Sepang", 7, "Mohd Zin Mohamed (BN-UMNO)", 84362, 57, 22, 16, 0, 0, 0, 2.691369, 101.7505271);
INSERT INTO stat (constituency_id, voter_turnout, voter_turnout_p, spoilt_votes, spoilt_votes_p) VALUES (113, 74961, 88.8, 1226, 1.4);
INSERT INTO candidate (id, constituency_id, name, party, coalition) VALUES (279, 113, "Suhaimi Mohd Ghazali", "IND", "IND");
INSERT INTO result (constituency_id, candidate_id, votes, votes_p, winner, majority) VALUES (113, 279, 962, 1.3, 0, 0);
INSERT INTO candidate (id, constituency_id, name, party, coalition) VALUES (280, 113, "Hanapiah Mohamad", "IND", "IND");
INSERT INTO result (constituency_id, candidate_id, votes, votes_p, winner, majority) VALUES (113, 280, 315, 0.4, 0, 0);
INSERT INTO state (id, name) VALUES (8, "Federal Territory of Kuala Lumpur");
INSERT INTO candidate (id, constituency_id, name, party, coalition) VALUES (281, 114, "Mohd Fasiah Mohd Fakeh", "UMNO", "BN");
INSERT INTO result (constituency_id, candidate_id, votes, votes_p, winner, majority) VALUES (114, 281, 16510, 52.1, 1, 1890);
INSERT INTO candidate (id, constituency_id, name, party, coalition) VALUES (282, 114, "Abdul Aziz Bari", "PKR", "PR");
INSERT INTO result (constituency_id, candidate_id, votes, votes_p, winner, majority) VALUES (114, 282, 14620, 46.1, 0, 0);
INSERT INTO constituency (id, code, name, state_id, incumbent, eligible_voters, malay_voters, chinese_voters, indian_voters, others_voters, muslim_bumi_voters, non_muslim_bumi_voters, latitude, longitude) VALUES (114, "P092", "Sabak Bernam", 8, "Abdul Rahman Bakri (BN-UMNO)", 37318, 81, 13, 5, 0, 0, 0, 3.6787768, 100.9905919);
INSERT INTO stat (constituency_id, voter_turnout, voter_turnout_p, spoilt_votes, spoilt_votes_p) VALUES (114, 31706, 84.9, 576, 1.5);
INSERT INTO candidate (id, constituency_id, name, party, coalition) VALUES (283, 115, "Noriah Kasnon", "UMNO", "BN");
INSERT INTO result (constituency_id, candidate_id, votes, votes_p, winner, majority) VALUES (115, 283, 18695, 49.6, 1, 399);
INSERT INTO candidate (id, constituency_id, name, party, coalition) VALUES (284, 115, "Mohamed Salleh M Husin", "PAS", "PR");
INSERT INTO result (constituency_id, candidate_id, votes, votes_p, winner, majority) VALUES (115, 284, 18296, 48.6, 0, 0);
INSERT INTO constituency (id, code, name, state_id, incumbent, eligible_voters, malay_voters, chinese_voters, indian_voters, others_voters, muslim_bumi_voters, non_muslim_bumi_voters, latitude, longitude) VALUES (115, "P093", "Sungai Besar", 8, "Noriah Kasnon (BN-UMNO)", 42837, 66, 31, 2, 0, 0, 0, 3.675398, 100.9857899);
INSERT INTO stat (constituency_id, voter_turnout, voter_turnout_p, spoilt_votes, spoilt_votes_p) VALUES (115, 37681, 88.0, 690, 1.6);
INSERT INTO candidate (id, constituency_id, name, party, coalition) VALUES (285, 116, "Kamalanathan Panchanathan", "MIC", "BN");
INSERT INTO result (constituency_id, candidate_id, votes, votes_p, winner, majority) VALUES (116, 285, 37403, 49.9, 1, 3414);
INSERT INTO candidate (id, constituency_id, name, party, coalition) VALUES (286, 116, "Khalid Jaafar", "PKR", "PR");
INSERT INTO result (constituency_id, candidate_id, votes, votes_p, winner, majority) VALUES (116, 286, 33989, 45.4, 0, 0);
INSERT INTO constituency (id, code, name, state_id, incumbent, eligible_voters, malay_voters, chinese_voters, indian_voters, others_voters, muslim_bumi_voters, non_muslim_bumi_voters, latitude, longitude) VALUES (116, "P094", "Hulu Selangor", 8, "Kamalanathan Panchanathan (BN-MIC)", 85697, 56, 23, 18, 0, 0, 0, 3.5601046, 101.6583123);
INSERT INTO stat (constituency_id, voter_turnout, voter_turnout_p, spoilt_votes, spoilt_votes_p) VALUES (116, 74947, 87.4, 1451, 1.7);
INSERT INTO candidate (id, constituency_id, name, party, coalition) VALUES (287, 116, "Radzali Mokhtar", "IND", "IND");
INSERT INTO result (constituency_id, candidate_id, votes, votes_p, winner, majority) VALUES (116, 287, 1105, 1.5, 0, 0);
INSERT INTO candidate (id, constituency_id, name, party, coalition) VALUES (288, 116, "Santhara Kumar", "IND", "IND");
INSERT INTO result (constituency_id, candidate_id, votes, votes_p, winner, majority) VALUES (116, 288, 999, 1.3, 0, 0);
INSERT INTO candidate (id, constituency_id, name, party, coalition) VALUES (289, 117, "Noh Omar", "UMNO", "BN");
INSERT INTO result (constituency_id, candidate_id, votes, votes_p, winner, majority) VALUES (117, 289, 20548, 54.5, 1, 4394);
INSERT INTO candidate (id, constituency_id, name, party, coalition) VALUES (290, 117, "Mohamad Rashdi Deraman", "PAS", "PR");
INSERT INTO result (constituency_id, candidate_id, votes, votes_p, winner, majority) VALUES (117, 290, 16154, 42.9, 0, 0);
INSERT INTO constituency (id, code, name, state_id, incumbent, eligible_voters, malay_voters, chinese_voters, indian_voters, others_voters, muslim_bumi_voters, non_muslim_bumi_voters, latitude, longitude) VALUES (117, "P095", "Tanjong Karang", 8, "Noh Omar (BN-UMNO)", 42333, 72, 17, 10, 0, 0, 0, 3.426409, 101.1767141);
INSERT INTO stat (constituency_id, voter_turnout, voter_turnout_p, spoilt_votes, spoilt_votes_p) VALUES (117, 37676, 89.0, 634, 1.5);
INSERT INTO candidate (id, constituency_id, name, party, coalition) VALUES (291, 117, "Masrun Tamsi", "IND", "IND");
INSERT INTO result (constituency_id, candidate_id, votes, votes_p, winner, majority) VALUES (117, 291, 340, 0.9, 0, 0);
INSERT INTO candidate (id, constituency_id, name, party, coalition) VALUES (292, 118, "Irmohizan Ibrahim", "UMNO", "BN");
INSERT INTO result (constituency_id, candidate_id, votes, votes_p, winner, majority) VALUES (118, 292, 27500, 49.6, 1, 460);
INSERT INTO candidate (id, constituency_id, name, party, coalition) VALUES (293, 118, "Dzulkefly Ahmad", "PAS", "PR");
INSERT INTO result (constituency_id, candidate_id, votes, votes_p, winner, majority) VALUES (118, 293, 27040, 48.7, 0, 0);
INSERT INTO constituency (id, code, name, state_id, incumbent, eligible_voters, malay_voters, chinese_voters, indian_voters, others_voters, muslim_bumi_voters, non_muslim_bumi_voters, latitude, longitude) VALUES (118, "P096", "Kuala Selangor", 8, "Dzulkefly Ahmad (PR-PAS)", 62298, 64, 13, 22, 0, 0, 0, 3.340184, 101.249762);
INSERT INTO stat (constituency_id, voter_turnout, voter_turnout_p, spoilt_votes, spoilt_votes_p) VALUES (118, 55474, 89.0, 934, 1.5);
INSERT INTO candidate (id, constituency_id, name, party, coalition) VALUES (294, 119, "William Leong Jee Keen", "PKR", "PR");
INSERT INTO result (constituency_id, candidate_id, votes, votes_p, winner, majority) VALUES (119, 294, 52343, 56.7, 1, 17958);
INSERT INTO candidate (id, constituency_id, name, party, coalition) VALUES (295, 119, "Donald Lim Siang Chai", "MCA", "BN");
INSERT INTO result (constituency_id, candidate_id, votes, votes_p, winner, majority) VALUES (119, 295, 34385, 37.2, 0, 0);
INSERT INTO constituency (id, code, name, state_id, incumbent, eligible_voters, malay_voters, chinese_voters, indian_voters, others_voters, muslim_bumi_voters, non_muslim_bumi_voters, latitude, longitude) VALUES (119, "P097", "Selayang", 8, "William Leong Jee Keen (PR-PKR)", 105895, 45, 36, 17, 0, 0, 0, 3.263739, 101.6538245);
INSERT INTO stat (constituency_id, voter_turnout, voter_turnout_p, spoilt_votes, spoilt_votes_p) VALUES (119, 92315, 87.2, 1435, 1.4);
INSERT INTO candidate (id, constituency_id, name, party, coalition) VALUES (296, 119, " Rahman", "BERJASA", "BERJASA");
INSERT INTO result (constituency_id, candidate_id, votes, votes_p, winner, majority) VALUES (119, 296, 4152, 4.5, 0, 0);
INSERT INTO candidate (id, constituency_id, name, party, coalition) VALUES (297, 120, "Mohamed Azmin Ali", "PKR", "PR");
INSERT INTO result (constituency_id, candidate_id, votes, votes_p, winner, majority) VALUES (120, 297, 54827, 51.4, 1, 4734);
INSERT INTO candidate (id, constituency_id, name, party, coalition) VALUES (298, 120, "Rahman Ismail", "UMNO", "BN");
INSERT INTO result (constituency_id, candidate_id, votes, votes_p, winner, majority) VALUES (120, 298, 50093, 46.9, 0, 0);
INSERT INTO constituency (id, code, name, state_id, incumbent, eligible_voters, malay_voters, chinese_voters, indian_voters, others_voters, muslim_bumi_voters, non_muslim_bumi_voters, latitude, longitude) VALUES (120, "P098", "Gombak", 8, "Mohamed Azmin Ali (PR-PKR)", 123290, 74, 13, 11, 0, 0, 0, 3.2535016, 101.6533256);
INSERT INTO stat (constituency_id, voter_turnout, voter_turnout_p, spoilt_votes, spoilt_votes_p) VALUES (120, 106747, 86.6, 1353, 1.1);
INSERT INTO candidate (id, constituency_id, name, party, coalition) VALUES (299, 120, "Said Nazar Abu Baker", "IND", "IND");
INSERT INTO result (constituency_id, candidate_id, votes, votes_p, winner, majority) VALUES (120, 299, 474, 0.4, 0, 0);
INSERT INTO candidate (id, constituency_id, name, party, coalition) VALUES (300, 121, "Zuraida Kamarudin", "PKR", "PR");
INSERT INTO result (constituency_id, candidate_id, votes, votes_p, winner, majority) VALUES (121, 300, 41969, 58.8, 1, 13278);
INSERT INTO candidate (id, constituency_id, name, party, coalition) VALUES (301, 121, "Rozaidah Talib", "UMNO", "BN");
INSERT INTO result (constituency_id, candidate_id, votes, votes_p, winner, majority) VALUES (121, 301, 28691, 40.2, 0, 0);
INSERT INTO constituency (id, code, name, state_id, incumbent, eligible_voters, malay_voters, chinese_voters, indian_voters, others_voters, muslim_bumi_voters, non_muslim_bumi_voters, latitude, longitude) VALUES (121, "P099", "Ampang", 8, "Zuraida Kamarudin (PR-PKR)", 83135, 55, 34, 10, 0, 0, 0, 3.149099, 101.7624521);
INSERT INTO stat (constituency_id, voter_turnout, voter_turnout_p, spoilt_votes, spoilt_votes_p) VALUES (121, 71398, 85.9, 738, 0.9);
INSERT INTO candidate (id, constituency_id, name, party, coalition) VALUES (302, 122, "Rafizi Ramli", "PKR", "PR");
INSERT INTO result (constituency_id, candidate_id, votes, votes_p, winner, majority) VALUES (122, 302, 48183, 65.9, 1, 26729);
INSERT INTO candidate (id, constituency_id, name, party, coalition) VALUES (303, 122, "Lim Chin Yee", "MCA", "BN");
INSERT INTO result (constituency_id, candidate_id, votes, votes_p, winner, majority) VALUES (122, 303, 21454, 29.4, 0, 0);
INSERT INTO constituency (id, code, name, state_id, incumbent, eligible_voters, malay_voters, chinese_voters, indian_voters, others_voters, muslim_bumi_voters, non_muslim_bumi_voters, latitude, longitude) VALUES (122, "P100", "Pandan", 8, "Ong Tee Keat (BN-MCA)", 83857, 44, 48, 7, 0, 0, 0, 3.15533, 113.3694);
INSERT INTO stat (constituency_id, voter_turnout, voter_turnout_p, spoilt_votes, spoilt_votes_p) VALUES (122, 73075, 87.1, 1023, 1.2);
INSERT INTO candidate (id, constituency_id, name, party, coalition) VALUES (304, 122, "Tan Yew Leng", "IND", "IND");
INSERT INTO result (constituency_id, candidate_id, votes, votes_p, winner, majority) VALUES (122, 304, 2415, 3.3, 0, 0);
INSERT INTO candidate (id, constituency_id, name, party, coalition) VALUES (305, 123, "Che Rosli Che Mat", "PAS", "PR");
INSERT INTO result (constituency_id, candidate_id, votes, votes_p, winner, majority) VALUES (123, 305, 64127, 57.1, 1, 17267);
INSERT INTO candidate (id, constituency_id, name, party, coalition) VALUES (306, 123, "Adzhaliza Mohd Nor", "UMNO", "BN");
INSERT INTO result (constituency_id, candidate_id, votes, votes_p, winner, majority) VALUES (123, 306, 46860, 41.7, 0, 0);
INSERT INTO constituency (id, code, name, state_id, incumbent, eligible_voters, malay_voters, chinese_voters, indian_voters, others_voters, muslim_bumi_voters, non_muslim_bumi_voters, latitude, longitude) VALUES (123, "P101", "Hulu Langat", 8, "Che Rosli Che Mat (PR-PAS)", 127347, 53, 34, 11, 0, 0, 0, 3.113117, 101.815673);
INSERT INTO stat (constituency_id, voter_turnout, voter_turnout_p, spoilt_votes, spoilt_votes_p) VALUES (123, 112322, 88.2, 1335, 1.0);
INSERT INTO candidate (id, constituency_id, name, party, coalition) VALUES (307, 124, "Ong Kian Ming", "DAP", "PR");
INSERT INTO result (constituency_id, candidate_id, votes, votes_p, winner, majority) VALUES (124, 307, 79238, 67.1, 1, 42206);
INSERT INTO candidate (id, constituency_id, name, party, coalition) VALUES (308, 124, "Yap Pian Hon", "MCA", "BN");
INSERT INTO result (constituency_id, candidate_id, votes, votes_p, winner, majority) VALUES (124, 308, 37032, 31.4, 0, 0);
INSERT INTO constituency (id, code, name, state_id, incumbent, eligible_voters, malay_voters, chinese_voters, indian_voters, others_voters, muslim_bumi_voters, non_muslim_bumi_voters, latitude, longitude) VALUES (124, "P102", "Serdang", 8, "Teo Nie Ching (PR-DAP)", 133139, 39, 49, 11, 0, 0, 0, 5.210052, 100.612449);
INSERT INTO stat (constituency_id, voter_turnout, voter_turnout_p, spoilt_votes, spoilt_votes_p) VALUES (124, 118048, 88.7, 1778, 1.3);
INSERT INTO candidate (id, constituency_id, name, party, coalition) VALUES (309, 125, "Gobind Singh Deo", "DAP", "PR");
INSERT INTO result (constituency_id, candidate_id, votes, votes_p, winner, majority) VALUES (125, 309, 62938, 66.7, 1, 32802);
INSERT INTO candidate (id, constituency_id, name, party, coalition) VALUES (310, 125, " Kohilan Pillay", "Gerakan", "BN");
INSERT INTO result (constituency_id, candidate_id, votes, votes_p, winner, majority) VALUES (125, 310, 30136, 31.9, 0, 0);
INSERT INTO constituency (id, code, name, state_id, incumbent, eligible_voters, malay_voters, chinese_voters, indian_voters, others_voters, muslim_bumi_voters, non_muslim_bumi_voters, latitude, longitude) VALUES (125, "P103", "Puchong", 8, "Gobind Singh Deo (PR-DAP)", 107010, 39, 44, 16, 0, 0, 0, 3.0327152, 101.618802);
INSERT INTO stat (constituency_id, voter_turnout, voter_turnout_p, spoilt_votes, spoilt_votes_p) VALUES (125, 94335, 88.1, 1261, 1.2);
INSERT INTO candidate (id, constituency_id, name, party, coalition) VALUES (311, 126, "Wong Chen", "PKR", "PR");
INSERT INTO result (constituency_id, candidate_id, votes, votes_p, winner, majority) VALUES (126, 311, 56790, 65.8, 1, 28827);
INSERT INTO candidate (id, constituency_id, name, party, coalition) VALUES (312, 126, "Loh Seng Kok", "MCA", "BN");
INSERT INTO result (constituency_id, candidate_id, votes, votes_p, winner, majority) VALUES (126, 312, 27963, 32.4, 0, 0);
INSERT INTO constituency (id, code, name, state_id, incumbent, eligible_voters, malay_voters, chinese_voters, indian_voters, others_voters, muslim_bumi_voters, non_muslim_bumi_voters, latitude, longitude) VALUES (126, "P104", "Kelana Jaya", 8, "Loh Gwo Burne (PR-PKR)", 101236, 38, 42, 18, 0, 0, 0, 3.1041928, 101.6104867);
INSERT INTO stat (constituency_id, voter_turnout, voter_turnout_p, spoilt_votes, spoilt_votes_p) VALUES (126, 86287, 85.2, 1171, 1.1);
INSERT INTO candidate (id, constituency_id, name, party, coalition) VALUES (313, 126, "Toh Sin Wah", "IND", "IND");
INSERT INTO result (constituency_id, candidate_id, votes, votes_p, winner, majority) VALUES (126, 313, 363, 0.4, 0, 0);
INSERT INTO candidate (id, constituency_id, name, party, coalition) VALUES (314, 127, "Hee Loy Sian", "PKR", "PR");
INSERT INTO result (constituency_id, candidate_id, votes, votes_p, winner, majority) VALUES (127, 314, 41062, 63.0, 1, 19216);
INSERT INTO candidate (id, constituency_id, name, party, coalition) VALUES (315, 127, "Sheah Kok Fah", "MCA", "BN");
INSERT INTO result (constituency_id, candidate_id, votes, votes_p, winner, majority) VALUES (127, 315, 21846, 33.5, 0, 0);
INSERT INTO constituency (id, code, name, state_id, incumbent, eligible_voters, malay_voters, chinese_voters, indian_voters, others_voters, muslim_bumi_voters, non_muslim_bumi_voters, latitude, longitude) VALUES (127, "P105", "Petaling Jaya Selatan", 8, "Hee Loy Sian (PR-PKR)", 79558, 40, 42, 17, 0, 0, 0, 3.0441486, 101.6283971);
INSERT INTO stat (constituency_id, voter_turnout, voter_turnout_p, spoilt_votes, spoilt_votes_p) VALUES (127, 65185, 81.9, 830, 1.0);
INSERT INTO candidate (id, constituency_id, name, party, coalition) VALUES (316, 127, "Ibrahim Khatib", "IND", "IND");
INSERT INTO result (constituency_id, candidate_id, votes, votes_p, winner, majority) VALUES (127, 316, 1447, 2.2, 0, 0);
INSERT INTO candidate (id, constituency_id, name, party, coalition) VALUES (317, 128, "Tony Pua Kiam Wee", "DAP", "PR");
INSERT INTO result (constituency_id, candidate_id, votes, votes_p, winner, majority) VALUES (128, 317, 57407, 81.3, 1, 44672);
INSERT INTO candidate (id, constituency_id, name, party, coalition) VALUES (318, 128, "Chew Hoong Ling", "MCA", "BN");
INSERT INTO result (constituency_id, candidate_id, votes, votes_p, winner, majority) VALUES (128, 318, 12735, 18.0, 0, 0);
INSERT INTO constituency (id, code, name, state_id, incumbent, eligible_voters, malay_voters, chinese_voters, indian_voters, others_voters, muslim_bumi_voters, non_muslim_bumi_voters, latitude, longitude) VALUES (128, "P106", "Petaling Jaya Utara", 8, "Tony Pua Kiam Wee (PR-DAP)", 85401, 14, 77, 7, 0, 0, 0, 3.1093122, 101.644061);
INSERT INTO stat (constituency_id, voter_turnout, voter_turnout_p, spoilt_votes, spoilt_votes_p) VALUES (128, 70614, 82.7, 472, 0.6);
INSERT INTO candidate (id, constituency_id, name, party, coalition) VALUES (319, 129, " Rasiah", "PKR", "PR");
INSERT INTO result (constituency_id, candidate_id, votes, votes_p, winner, majority) VALUES (129, 319, 66268, 58.8, 1, 26719);
INSERT INTO candidate (id, constituency_id, name, party, coalition) VALUES (320, 129, "Pakas Rao Applanaidoo", "MIC", "BN");
INSERT INTO result (constituency_id, candidate_id, votes, votes_p, winner, majority) VALUES (129, 320, 39549, 35.1, 0, 0);
INSERT INTO constituency (id, code, name, state_id, incumbent, eligible_voters, malay_voters, chinese_voters, indian_voters, others_voters, muslim_bumi_voters, non_muslim_bumi_voters, latitude, longitude) VALUES (129, "P107", "Subang", 8, "Sivarasa K. Rasiah (PR-PKR)", 128543, 48, 38, 13, 0, 0, 0, 3.1284663, 101.5532255);
INSERT INTO stat (constituency_id, voter_turnout, voter_turnout_p, spoilt_votes, spoilt_votes_p) VALUES (129, 112618, 87.6, 1669, 1.3);
INSERT INTO candidate (id, constituency_id, name, party, coalition) VALUES (321, 129, "Mohamad Ismail", "BERJASA", "BERJASA");
INSERT INTO result (constituency_id, candidate_id, votes, votes_p, winner, majority) VALUES (129, 321, 4454, 4.0, 0, 0);
INSERT INTO candidate (id, constituency_id, name, party, coalition) VALUES (322, 129, "Nazaruddin Mohamed Ferdoos", "IND", "IND");
INSERT INTO result (constituency_id, candidate_id, votes, votes_p, winner, majority) VALUES (129, 322, 460, 0.4, 0, 0);
INSERT INTO candidate (id, constituency_id, name, party, coalition) VALUES (323, 129, "Edros Abdullah", "IND", "IND");
INSERT INTO result (constituency_id, candidate_id, votes, votes_p, winner, majority) VALUES (129, 323, 218, 0.2, 0, 0);
INSERT INTO candidate (id, constituency_id, name, party, coalition) VALUES (324, 130, "Khalid Samad", "PAS", "PR");
INSERT INTO result (constituency_id, candidate_id, votes, votes_p, winner, majority) VALUES (130, 324, 49009, 55.7, 1, 10939);
INSERT INTO candidate (id, constituency_id, name, party, coalition) VALUES (325, 130, "Zulkifli Noordin", "UMNO", "BN");
INSERT INTO result (constituency_id, candidate_id, votes, votes_p, winner, majority) VALUES (130, 325, 38070, 43.3, 0, 0);
INSERT INTO constituency (id, code, name, state_id, incumbent, eligible_voters, malay_voters, chinese_voters, indian_voters, others_voters, muslim_bumi_voters, non_muslim_bumi_voters, latitude, longitude) VALUES (130, "P108", "Shah Alam", 8, "Khalid Samad (PR-PAS)", 99957, 69, 15, 14, 0, 0, 0, 3.073281, 101.518461);
INSERT INTO stat (constituency_id, voter_turnout, voter_turnout_p, spoilt_votes, spoilt_votes_p) VALUES (130, 87942, 88.0, 863, 0.9);
INSERT INTO candidate (id, constituency_id, name, party, coalition) VALUES (326, 131, " Manivannan Gowindasamy", "PKR", "PR");
INSERT INTO result (constituency_id, candidate_id, votes, votes_p, winner, majority) VALUES (131, 326, 69849, 55.1, 1, 23790);
INSERT INTO candidate (id, constituency_id, name, party, coalition) VALUES (327, 131, "Sakthivel Alagappan", "MIC", "BN");
INSERT INTO result (constituency_id, candidate_id, votes, votes_p, winner, majority) VALUES (131, 327, 46059, 36.4, 0, 0);
INSERT INTO constituency (id, code, name, state_id, incumbent, eligible_voters, malay_voters, chinese_voters, indian_voters, others_voters, muslim_bumi_voters, non_muslim_bumi_voters, latitude, longitude) VALUES (131, "P109", "Kapar", 8, "Manikavasagam Sundram (PR-PKR)", 144159, 51, 34, 14, 0, 0, 0, 3.137271, 101.374412);
INSERT INTO stat (constituency_id, voter_turnout, voter_turnout_p, spoilt_votes, spoilt_votes_p) VALUES (131, 126709, 87.9, 2379, 1.7);
INSERT INTO candidate (id, constituency_id, name, party, coalition) VALUES (328, 131, "Mohd Pathan Hussin", "BERJASA", "BERJASA");
INSERT INTO result (constituency_id, candidate_id, votes, votes_p, winner, majority) VALUES (131, 328, 6289, 5.0, 0, 0);
INSERT INTO candidate (id, constituency_id, name, party, coalition) VALUES (329, 131, "Norhamzah Suratman", "IND", "IND");
INSERT INTO result (constituency_id, candidate_id, votes, votes_p, winner, majority) VALUES (131, 329, 1067, 0.8, 0, 0);
INSERT INTO candidate (id, constituency_id, name, party, coalition) VALUES (330, 131, "Mohd Nazri Abdul Aziz", "IND", "IND");
INSERT INTO result (constituency_id, candidate_id, votes, votes_p, winner, majority) VALUES (131, 330, 835, 0.7, 0, 0);
INSERT INTO candidate (id, constituency_id, name, party, coalition) VALUES (331, 131, "Palaya Rengaiah", "IND", "IND");
INSERT INTO result (constituency_id, candidate_id, votes, votes_p, winner, majority) VALUES (131, 331, 231, 0.2, 0, 0);
INSERT INTO candidate (id, constituency_id, name, party, coalition) VALUES (332, 132, " Santiago", "DAP", "PR");
INSERT INTO result (constituency_id, candidate_id, votes, votes_p, winner, majority) VALUES (132, 332, 53719, 63.9, 1, 24685);
INSERT INTO candidate (id, constituency_id, name, party, coalition) VALUES (333, 132, "Teh Kim Poo", "MCA", "BN");
INSERT INTO result (constituency_id, candidate_id, votes, votes_p, winner, majority) VALUES (132, 333, 29034, 34.5, 0, 0);
INSERT INTO constituency (id, code, name, state_id, incumbent, eligible_voters, malay_voters, chinese_voters, indian_voters, others_voters, muslim_bumi_voters, non_muslim_bumi_voters, latitude, longitude) VALUES (132, "P110", "Klang", 8, "Charles Anthony R. Santiago (PR-DAP)", 97073, 32, 46, 20, 0, 0, 0, 3.044917, 101.4455621);
INSERT INTO stat (constituency_id, voter_turnout, voter_turnout_p, spoilt_votes, spoilt_votes_p) VALUES (132, 84095, 86.6, 1342, 1.4);
INSERT INTO candidate (id, constituency_id, name, party, coalition) VALUES (334, 133, "Siti Mariah Mahmud", "PAS", "PR");
INSERT INTO result (constituency_id, candidate_id, votes, votes_p, winner, majority) VALUES (133, 334, 59106, 63.9, 1, 29395);
INSERT INTO candidate (id, constituency_id, name, party, coalition) VALUES (335, 133, "Murugesan Sinnandavar", "MIC", "BN");
INSERT INTO result (constituency_id, candidate_id, votes, votes_p, winner, majority) VALUES (133, 335, 29711, 32.1, 0, 0);
INSERT INTO constituency (id, code, name, state_id, incumbent, eligible_voters, malay_voters, chinese_voters, indian_voters, others_voters, muslim_bumi_voters, non_muslim_bumi_voters, latitude, longitude) VALUES (133, "P111", "Kota Raja", 8, "Siti Mariah Mahmud (PR-PAS)", 105909, 44, 25, 29, 0, 0, 0, 2.503732, 102.1142362);
INSERT INTO stat (constituency_id, voter_turnout, voter_turnout_p, spoilt_votes, spoilt_votes_p) VALUES (133, 92563, 87.4, 1102, 1.0);
INSERT INTO candidate (id, constituency_id, name, party, coalition) VALUES (336, 133, "Uthayakumar Ponnusamy", "IND", "IND");
INSERT INTO result (constituency_id, candidate_id, votes, votes_p, winner, majority) VALUES (133, 336, 2364, 2.6, 0, 0);
INSERT INTO candidate (id, constituency_id, name, party, coalition) VALUES (337, 133, "Azman Idrus", "IND", "IND");
INSERT INTO result (constituency_id, candidate_id, votes, votes_p, winner, majority) VALUES (133, 337, 280, 0.3, 0, 0);
INSERT INTO candidate (id, constituency_id, name, party, coalition) VALUES (338, 134, "Abdullah Sani Abdul Hamid", "PKR", "PR");
INSERT INTO result (constituency_id, candidate_id, votes, votes_p, winner, majority) VALUES (134, 338, 40983, 52.2, 1, 5358);
INSERT INTO candidate (id, constituency_id, name, party, coalition) VALUES (339, 134, "Sharuddin Omar", "UMNO", "BN");
INSERT INTO result (constituency_id, candidate_id, votes, votes_p, winner, majority) VALUES (134, 339, 35625, 45.4, 0, 0);
INSERT INTO constituency (id, code, name, state_id, incumbent, eligible_voters, malay_voters, chinese_voters, indian_voters, others_voters, muslim_bumi_voters, non_muslim_bumi_voters, latitude, longitude) VALUES (134, "P112", "Kuala Langat", 8, "Abdullah Sani Abdul Hamid (PR-PKR)", 88474, 52, 26, 17, 0, 0, 0, 2.8038283, 101.4950699);
INSERT INTO stat (constituency_id, voter_turnout, voter_turnout_p, spoilt_votes, spoilt_votes_p) VALUES (134, 78551, 88.8, 1523, 1.7);
INSERT INTO candidate (id, constituency_id, name, party, coalition) VALUES (340, 134, "Kottappan Suppaiah", "IND", "IND");
INSERT INTO result (constituency_id, candidate_id, votes, votes_p, winner, majority) VALUES (134, 340, 426, 0.5, 0, 0);
INSERT INTO candidate (id, constituency_id, name, party, coalition) VALUES (341, 135, "Mohamed Hanipa Maidin", "PAS", "PR");
INSERT INTO result (constituency_id, candidate_id, votes, votes_p, winner, majority) VALUES (135, 341, 36800, 49.1, 1, 1142);
INSERT INTO candidate (id, constituency_id, name, party, coalition) VALUES (342, 135, "Mohd Zin Mohamed", "UMNO", "BN");
INSERT INTO result (constituency_id, candidate_id, votes, votes_p, winner, majority) VALUES (135, 342, 35658, 47.6, 0, 0);
INSERT INTO constituency (id, code, name, state_id, incumbent, eligible_voters, malay_voters, chinese_voters, indian_voters, others_voters, muslim_bumi_voters, non_muslim_bumi_voters, latitude, longitude) VALUES (135, "P113", "Sepang", 8, "Mohd Zin Mohamed (BN-UMNO)", 84362, 57, 22, 16, 0, 0, 0, 2.691369, 101.7505271);
INSERT INTO stat (constituency_id, voter_turnout, voter_turnout_p, spoilt_votes, spoilt_votes_p) VALUES (135, 74961, 88.8, 1226, 1.4);
INSERT INTO candidate (id, constituency_id, name, party, coalition) VALUES (343, 135, "Suhaimi Mohd Ghazali", "IND", "IND");
INSERT INTO result (constituency_id, candidate_id, votes, votes_p, winner, majority) VALUES (135, 343, 962, 1.3, 0, 0);
INSERT INTO candidate (id, constituency_id, name, party, coalition) VALUES (344, 135, "Hanapiah Mohamad", "IND", "IND");
INSERT INTO result (constituency_id, candidate_id, votes, votes_p, winner, majority) VALUES (135, 344, 315, 0.4, 0, 0);
INSERT INTO state (id, name) VALUES (9, "Federal Territory of Putrajaya");
INSERT INTO candidate (id, constituency_id, name, party, coalition) VALUES (345, 136, "Tengku Adnan Tengku Mansor", "UMNO", "BN");
INSERT INTO result (constituency_id, candidate_id, votes, votes_p, winner, majority) VALUES (136, 345, 9943, 69.0, 1, 5541);
INSERT INTO candidate (id, constituency_id, name, party, coalition) VALUES (346, 136, "Husam Musa", "PAS", "PR");
INSERT INTO result (constituency_id, candidate_id, votes, votes_p, winner, majority) VALUES (136, 346, 4402, 30.5, 0, 0);
INSERT INTO constituency (id, code, name, state_id, incumbent, eligible_voters, malay_voters, chinese_voters, indian_voters, others_voters, muslim_bumi_voters, non_muslim_bumi_voters, latitude, longitude) VALUES (136, "P125", "Putrajaya", 9, "Tengku Adnan Tengku Mansor (BN-UMNO)", 15791, 94, 0, 3, 2, 0, 0, 2.926361, 101.696445);
INSERT INTO stat (constituency_id, voter_turnout, voter_turnout_p, spoilt_votes, spoilt_votes_p) VALUES (136, 14418, 91.3, 73, 0.5);
INSERT INTO state (id, name) VALUES (10, "Negeri Sembilan");
INSERT INTO candidate (id, constituency_id, name, party, coalition) VALUES (347, 137, "Zainudin Ismail", "UMNO", "BN");
INSERT INTO result (constituency_id, candidate_id, votes, votes_p, winner, majority) VALUES (137, 347, 22114, 58.4, 1, 7101);
INSERT INTO candidate (id, constituency_id, name, party, coalition) VALUES (348, 137, "Raj Munni Sabu", "PAS", "PR");
INSERT INTO result (constituency_id, candidate_id, votes, votes_p, winner, majority) VALUES (137, 348, 15013, 39.6, 0, 0);
INSERT INTO constituency (id, code, name, state_id, incumbent, eligible_voters, malay_voters, chinese_voters, indian_voters, others_voters, muslim_bumi_voters, non_muslim_bumi_voters, latitude, longitude) VALUES (137, "P126", "Jelebu", 10, "Rais Yatim (BN-UMNO)", 44937, 63, 26, 6, 0, 0, 0, 2.9410716, 102.0719101);
INSERT INTO stat (constituency_id, voter_turnout, voter_turnout_p, spoilt_votes, spoilt_votes_p) VALUES (137, 37883, 84.3, 756, 1.7);
INSERT INTO candidate (id, constituency_id, name, party, coalition) VALUES (349, 138, "Mohd Isa Abdul Samad", "UMNO", "BN");
INSERT INTO result (constituency_id, candidate_id, votes, votes_p, winner, majority) VALUES (138, 349, 31124, 56.9, 1, 8629);
INSERT INTO candidate (id, constituency_id, name, party, coalition) VALUES (350, 138, "Wan Aishah Wan Ariffin", "PAS", "PR");
INSERT INTO result (constituency_id, candidate_id, votes, votes_p, winner, majority) VALUES (138, 350, 22495, 41.1, 0, 0);
INSERT INTO constituency (id, code, name, state_id, incumbent, eligible_voters, malay_voters, chinese_voters, indian_voters, others_voters, muslim_bumi_voters, non_muslim_bumi_voters, latitude, longitude) VALUES (138, "P127", "Jempol", 10, "Lilah Yassin (BN-UMNO)", 65213, 60, 25, 13, 0, 0, 0, 2.8965766, 102.4054538);
INSERT INTO stat (constituency_id, voter_turnout, voter_turnout_p, spoilt_votes, spoilt_votes_p) VALUES (138, 54701, 83.9, 1082, 1.7);
INSERT INTO candidate (id, constituency_id, name, party, coalition) VALUES (351, 139, "Loke Siew Fook", "DAP", "PR");
INSERT INTO result (constituency_id, candidate_id, votes, votes_p, winner, majority) VALUES (139, 351, 45628, 52.2, 1, 12553);
INSERT INTO candidate (id, constituency_id, name, party, coalition) VALUES (352, 139, "Yeow Chai Tham", "MCA", "BN");
INSERT INTO result (constituency_id, candidate_id, votes, votes_p, winner, majority) VALUES (139, 352, 33075, 37.9, 0, 0);
INSERT INTO constituency (id, code, name, state_id, incumbent, eligible_voters, malay_voters, chinese_voters, indian_voters, others_voters, muslim_bumi_voters, non_muslim_bumi_voters, latitude, longitude) VALUES (139, "P128", "Seremban", 10, "John Fernandez (IND)", 102305, 44, 41, 14, 0, 0, 0, 2.725889, 101.9378239);
INSERT INTO stat (constituency_id, voter_turnout, voter_turnout_p, spoilt_votes, spoilt_votes_p) VALUES (139, 87359, 85.4, 1486, 1.5);
INSERT INTO candidate (id, constituency_id, name, party, coalition) VALUES (353, 139, "Abdul Halim Abdullah", "IND", "IND");
INSERT INTO result (constituency_id, candidate_id, votes, votes_p, winner, majority) VALUES (139, 353, 6866, 7.9, 0, 0);
INSERT INTO candidate (id, constituency_id, name, party, coalition) VALUES (354, 139, "John Fernandez", "IND", "IND");
INSERT INTO result (constituency_id, candidate_id, votes, votes_p, winner, majority) VALUES (139, 354, 221, 0.3, 0, 0);
INSERT INTO candidate (id, constituency_id, name, party, coalition) VALUES (355, 139, "Bujang Abu", "IND", "IND");
INSERT INTO result (constituency_id, candidate_id, votes, votes_p, winner, majority) VALUES (139, 355, 83, 0.1, 0, 0);
INSERT INTO candidate (id, constituency_id, name, party, coalition) VALUES (356, 140, "Hasan Malek", "UMNO", "BN");
INSERT INTO result (constituency_id, candidate_id, votes, votes_p, winner, majority) VALUES (140, 356, 24507, 61.0, 1, 9661);
INSERT INTO candidate (id, constituency_id, name, party, coalition) VALUES (357, 140, "Mohd Nazree Mohd Yunus", "PKR", "PR");
INSERT INTO result (constituency_id, candidate_id, votes, votes_p, winner, majority) VALUES (140, 357, 14846, 37.0, 0, 0);
INSERT INTO constituency (id, code, name, state_id, incumbent, eligible_voters, malay_voters, chinese_voters, indian_voters, others_voters, muslim_bumi_voters, non_muslim_bumi_voters, latitude, longitude) VALUES (140, "P129", "Kuala Pilah", 10, "Hasan Malek (BN-UMNO)", 47671, 76, 17, 5, 0, 0, 0, 2.740474, 102.2488718);
INSERT INTO stat (constituency_id, voter_turnout, voter_turnout_p, spoilt_votes, spoilt_votes_p) VALUES (140, 40147, 84.2, 794, 1.7);
INSERT INTO candidate (id, constituency_id, name, party, coalition) VALUES (358, 141, "Teo Kok Seong", "DAP", "PR");
INSERT INTO result (constituency_id, candidate_id, votes, votes_p, winner, majority) VALUES (141, 358, 49272, 65.1, 1, 24101);
INSERT INTO candidate (id, constituency_id, name, party, coalition) VALUES (359, 141, "Teo Eng Kian", "MCA", "BN");
INSERT INTO result (constituency_id, candidate_id, votes, votes_p, winner, majority) VALUES (141, 359, 25171, 33.3, 0, 0);
INSERT INTO constituency (id, code, name, state_id, incumbent, eligible_voters, malay_voters, chinese_voters, indian_voters, others_voters, muslim_bumi_voters, non_muslim_bumi_voters, latitude, longitude) VALUES (141, "P130", "Rasah", 10, "Loke Siew Fook (PR-DAP)", 88403, 28, 48, 22, 0, 0, 0, 2.6891397, 101.900579);
INSERT INTO stat (constituency_id, voter_turnout, voter_turnout_p, spoilt_votes, spoilt_votes_p) VALUES (141, 75651, 85.6, 1208, 1.4);
INSERT INTO candidate (id, constituency_id, name, party, coalition) VALUES (360, 142, "Khairy Jamaluddin", "UMNO", "BN");
INSERT INTO result (constituency_id, candidate_id, votes, votes_p, winner, majority) VALUES (142, 360, 43053, 62.1, 1, 18357);
INSERT INTO candidate (id, constituency_id, name, party, coalition) VALUES (361, 142, " Ghani", "PKR", "PR");
INSERT INTO result (constituency_id, candidate_id, votes, votes_p, winner, majority) VALUES (142, 361, 24696, 35.6, 0, 0);
INSERT INTO constituency (id, code, name, state_id, incumbent, eligible_voters, malay_voters, chinese_voters, indian_voters, others_voters, muslim_bumi_voters, non_muslim_bumi_voters, latitude, longitude) VALUES (142, "P131", "Rembau", 10, "Khairy Jamaluddin (BN-UMNO)", 79661, 70, 12, 16, 0, 0, 0, 2.590525, 102.0929861);
INSERT INTO stat (constituency_id, voter_turnout, voter_turnout_p, spoilt_votes, spoilt_votes_p) VALUES (142, 69291, 87.0, 1217, 1.5);
INSERT INTO candidate (id, constituency_id, name, party, coalition) VALUES (362, 142, "Abdul Aziz Hassan", "IND", "IND");
INSERT INTO result (constituency_id, candidate_id, votes, votes_p, winner, majority) VALUES (142, 362, 325, 0.5, 0, 0);
INSERT INTO candidate (id, constituency_id, name, party, coalition) VALUES (363, 143, "Kamarul Bahrin Abbas", "PKR", "PR");
INSERT INTO result (constituency_id, candidate_id, votes, votes_p, winner, majority) VALUES (143, 363, 29848, 49.9, 1, 1579);
INSERT INTO candidate (id, constituency_id, name, party, coalition) VALUES (364, 143, "Mogan Velayatham", "MIC", "BN");
INSERT INTO result (constituency_id, candidate_id, votes, votes_p, winner, majority) VALUES (143, 364, 28269, 47.2, 0, 0);
INSERT INTO constituency (id, code, name, state_id, incumbent, eligible_voters, malay_voters, chinese_voters, indian_voters, others_voters, muslim_bumi_voters, non_muslim_bumi_voters, latitude, longitude) VALUES (143, "P132", "Telok Kemang", 10, "Kamarul Bahrin Abbas (PR-PKR)", 70524, 42, 34, 21, 0, 0, 0, 2.454562, 101.8599476);
INSERT INTO stat (constituency_id, voter_turnout, voter_turnout_p, spoilt_votes, spoilt_votes_p) VALUES (143, 59855, 84.9, 1344, 1.9);
INSERT INTO candidate (id, constituency_id, name, party, coalition) VALUES (365, 143, "Kamarudin Kumaravel Abdullah", "IND", "IND");
INSERT INTO result (constituency_id, candidate_id, votes, votes_p, winner, majority) VALUES (143, 365, 394, 0.7, 0, 0);
INSERT INTO candidate (id, constituency_id, name, party, coalition) VALUES (366, 144, "Shaziman Abu Mansor", "UMNO", "BN");
INSERT INTO result (constituency_id, candidate_id, votes, votes_p, winner, majority) VALUES (144, 366, 29390, 60.4, 1, 11162);
INSERT INTO candidate (id, constituency_id, name, party, coalition) VALUES (367, 144, "Abdul Razakek Abdul Rahim", "PAS", "PR");
INSERT INTO result (constituency_id, candidate_id, votes, votes_p, winner, majority) VALUES (144, 367, 18228, 37.5, 0, 0);
INSERT INTO constituency (id, code, name, state_id, incumbent, eligible_voters, malay_voters, chinese_voters, indian_voters, others_voters, muslim_bumi_voters, non_muslim_bumi_voters, latitude, longitude) VALUES (144, "P133", "Tampin", 10, "Shaziman Abu Mansor (BN-UMNO)", 57268, 61, 24, 13, 0, 0, 0, 2.472971, 102.231194);
INSERT INTO stat (constituency_id, voter_turnout, voter_turnout_p, spoilt_votes, spoilt_votes_p) VALUES (144, 48660, 85.0, 1042, 1.8);
INSERT INTO state (id, name) VALUES (11, "Malacca");
INSERT INTO candidate (id, constituency_id, name, party, coalition) VALUES (368, 145, "Mas Ermieyati Samsudin", "UMNO", "BN");
INSERT INTO result (constituency_id, candidate_id, votes, votes_p, winner, majority) VALUES (145, 368, 27688, 69.7, 1, 16200);
INSERT INTO candidate (id, constituency_id, name, party, coalition) VALUES (369, 145, "Mohd Nasaie Ismail", "PAS", "PR");
INSERT INTO result (constituency_id, candidate_id, votes, votes_p, winner, majority) VALUES (145, 369, 11488, 28.9, 0, 0);
INSERT INTO constituency (id, code, name, state_id, incumbent, eligible_voters, malay_voters, chinese_voters, indian_voters, others_voters, muslim_bumi_voters, non_muslim_bumi_voters, latitude, longitude) VALUES (145, "P134", "Masjid Tanah", 11, "Abu Seman Yusop (BN-UMNO)", 45952, 82, 13, 4, 0, 0, 0, 2.352279, 102.1089262);
INSERT INTO stat (constituency_id, voter_turnout, voter_turnout_p, spoilt_votes, spoilt_votes_p) VALUES (145, 39742, 86.5, 566, 1.2);
INSERT INTO candidate (id, constituency_id, name, party, coalition) VALUES (370, 146, "Koh Nai Kwong", "MCA", "BN");
INSERT INTO result (constituency_id, candidate_id, votes, votes_p, winner, majority) VALUES (146, 370, 32594, 59.2, 1, 11597);
INSERT INTO candidate (id, constituency_id, name, party, coalition) VALUES (371, 146, "Damian Yeo Shin Li", "DAP", "PR");
INSERT INTO result (constituency_id, candidate_id, votes, votes_p, winner, majority) VALUES (146, 371, 20997, 38.2, 0, 0);
INSERT INTO constituency (id, code, name, state_id, incumbent, eligible_voters, malay_voters, chinese_voters, indian_voters, others_voters, muslim_bumi_voters, non_muslim_bumi_voters, latitude, longitude) VALUES (146, "P135", "Alor Gajah", 11, "Fong Chan Onn (BN-MCA)", 63591, 59, 28, 13, 0, 0, 0, 2.382211, 102.2115611);
INSERT INTO stat (constituency_id, voter_turnout, voter_turnout_p, spoilt_votes, spoilt_votes_p) VALUES (146, 55028, 86.5, 1437, 2.2);
INSERT INTO candidate (id, constituency_id, name, party, coalition) VALUES (372, 147, "Abu Bakar Mohamad Diah", "UMNO", "BN");
INSERT INTO result (constituency_id, candidate_id, votes, votes_p, winner, majority) VALUES (147, 372, 39468, 61.4, 1, 15633);
INSERT INTO candidate (id, constituency_id, name, party, coalition) VALUES (373, 147, "Rahim Ali", "PKR", "PR");
INSERT INTO result (constituency_id, candidate_id, votes, votes_p, winner, majority) VALUES (147, 373, 23835, 37.1, 0, 0);
INSERT INTO constituency (id, code, name, state_id, incumbent, eligible_voters, malay_voters, chinese_voters, indian_voters, others_voters, muslim_bumi_voters, non_muslim_bumi_voters, latitude, longitude) VALUES (147, "P136", "Tangga Batu", 11, "Idris Haron (BN-UMNO)", 73282, 68, 25, 0, 4, 0, 0, 2.25062, 102.158267);
INSERT INTO stat (constituency_id, voter_turnout, voter_turnout_p, spoilt_votes, spoilt_votes_p) VALUES (147, 64288, 87.7, 985, 1.3);
INSERT INTO candidate (id, constituency_id, name, party, coalition) VALUES (374, 148, " Akin", "PKR", "PR");
INSERT INTO result (constituency_id, candidate_id, votes, votes_p, winner, majority) VALUES (148, 374, 46357, 52.6, 1, 5733);
INSERT INTO candidate (id, constituency_id, name, party, coalition) VALUES (375, 148, "Mohd Ali Rustam", "UMNO", "BN");
INSERT INTO result (constituency_id, candidate_id, votes, votes_p, winner, majority) VALUES (148, 375, 40624, 46.1, 0, 0);
INSERT INTO constituency (id, code, name, state_id, incumbent, eligible_voters, malay_voters, chinese_voters, indian_voters, others_voters, muslim_bumi_voters, non_muslim_bumi_voters, latitude, longitude) VALUES (148, "P137", "Bukit Katil", 11, "Md Sirat Abu (BN-UMNO)", 99438, 53, 41, 6, 0, 0, 0, 2.2280058, 102.297718);
INSERT INTO stat (constituency_id, voter_turnout, voter_turnout_p, spoilt_votes, spoilt_votes_p) VALUES (148, 88083, 88.4, 1102, 1.1);
INSERT INTO candidate (id, constituency_id, name, party, coalition) VALUES (376, 149, "Sim Tong Him", "DAP", "PR");
INSERT INTO result (constituency_id, candidate_id, votes, votes_p, winner, majority) VALUES (149, 376, 49521, 62.3, 1, 20746);
INSERT INTO candidate (id, constituency_id, name, party, coalition) VALUES (377, 149, "Yee Kok Wah", "MCA", "BN");
INSERT INTO result (constituency_id, candidate_id, votes, votes_p, winner, majority) VALUES (149, 377, 28775, 36.2, 0, 0);
INSERT INTO constituency (id, code, name, state_id, incumbent, eligible_voters, malay_voters, chinese_voters, indian_voters, others_voters, muslim_bumi_voters, non_muslim_bumi_voters, latitude, longitude) VALUES (149, "P138", "Kota Melaka", 11, "Sim Tong Him (PR-DAP)", 92322, 36, 59, 4, 0, 0, 0, 2.189594, 102.2500868);
INSERT INTO stat (constituency_id, voter_turnout, voter_turnout_p, spoilt_votes, spoilt_votes_p) VALUES (149, 79464, 86.1, 1168, 1.3);
INSERT INTO candidate (id, constituency_id, name, party, coalition) VALUES (378, 150, "Ahmad Hamzah", "UMNO", "BN");
INSERT INTO result (constituency_id, candidate_id, votes, votes_p, winner, majority) VALUES (150, 378, 33736, 59.5, 1, 11763);
INSERT INTO candidate (id, constituency_id, name, party, coalition) VALUES (379, 150, "Rahmat Yusof", "PKR", "PR");
INSERT INTO result (constituency_id, candidate_id, votes, votes_p, winner, majority) VALUES (150, 379, 21973, 38.7, 0, 0);
INSERT INTO constituency (id, code, name, state_id, incumbent, eligible_voters, malay_voters, chinese_voters, indian_voters, others_voters, muslim_bumi_voters, non_muslim_bumi_voters, latitude, longitude) VALUES (150, "P139", "Jasin", 11, "Ahmad Hamzah (BN-UMNO)", 64455, 71, 18, 10, 0, 0, 0, 2.311337, 102.4309231);
INSERT INTO stat (constituency_id, voter_turnout, voter_turnout_p, spoilt_votes, spoilt_votes_p) VALUES (150, 56710, 88.8, 1001, 1.6);
INSERT INTO state (id, name) VALUES (12, "Johor");
INSERT INTO candidate (id, constituency_id, name, party, coalition) VALUES (380, 151, "Subramaniam Sathasivam", "MIC", "BN");
INSERT INTO result (constituency_id, candidate_id, votes, votes_p, winner, majority) VALUES (151, 380, 20037, 50.3, 1, 1217);
INSERT INTO candidate (id, constituency_id, name, party, coalition) VALUES (381, 151, "Chua Jui Meng", "PKR", "PR");
INSERT INTO result (constituency_id, candidate_id, votes, votes_p, winner, majority) VALUES (151, 381, 18820, 47.3, 0, 0);
INSERT INTO constituency (id, code, name, state_id, incumbent, eligible_voters, malay_voters, chinese_voters, indian_voters, others_voters, muslim_bumi_voters, non_muslim_bumi_voters, latitude, longitude) VALUES (151, "P140", "Segamat", 12, "Subramaniam Sathasivam (BN-MIC)", 47009, 44, 46, 10, 0, 0, 0, 2.50346, 102.8207542);
INSERT INTO stat (constituency_id, voter_turnout, voter_turnout_p, spoilt_votes, spoilt_votes_p) VALUES (151, 39807, 84.7, 950, 2.0);
INSERT INTO candidate (id, constituency_id, name, party, coalition) VALUES (382, 152, " Manap", "UMNO", "BN");
INSERT INTO result (constituency_id, candidate_id, votes, votes_p, winner, majority) VALUES (152, 382, 19934, 53.2, 1, 3007);
INSERT INTO candidate (id, constituency_id, name, party, coalition) VALUES (383, 152, "Julailey Jemadi", "PKR", "PR");
INSERT INTO result (constituency_id, candidate_id, votes, votes_p, winner, majority) VALUES (152, 383, 16927, 45.2, 0, 0);
INSERT INTO constituency (id, code, name, state_id, incumbent, eligible_voters, malay_voters, chinese_voters, indian_voters, others_voters, muslim_bumi_voters, non_muslim_bumi_voters, latitude, longitude) VALUES (152, "P141", "Sekijang", 12, "Baharum Mohamed (BN-UMNO)", 43066, 56, 39, 5, 0, 0, 0, 5.3450203, 103.1305614);
INSERT INTO stat (constituency_id, voter_turnout, voter_turnout_p, spoilt_votes, spoilt_votes_p) VALUES (152, 37448, 87.0, 587, 1.4);
INSERT INTO candidate (id, constituency_id, name, party, coalition) VALUES (384, 153, "Chua Tee Yong", "MCA", "BN");
INSERT INTO result (constituency_id, candidate_id, votes, votes_p, winner, majority) VALUES (153, 384, 15821, 49.5, 1, 353);
INSERT INTO candidate (id, constituency_id, name, party, coalition) VALUES (385, 153, "Ramakrishnan Suppiah", "DAP", "PR");
INSERT INTO result (constituency_id, candidate_id, votes, votes_p, winner, majority) VALUES (153, 385, 15468, 48.4, 0, 0);
INSERT INTO constituency (id, code, name, state_id, incumbent, eligible_voters, malay_voters, chinese_voters, indian_voters, others_voters, muslim_bumi_voters, non_muslim_bumi_voters, latitude, longitude) VALUES (153, "P142", "Labis", 12, "Chua Tee Yong (BN-MCA)", 37714, 36, 47, 15, 0, 0, 0, 2.38226, 103.0200509);
INSERT INTO stat (constituency_id, voter_turnout, voter_turnout_p, spoilt_votes, spoilt_votes_p) VALUES (153, 31978, 84.8, 689, 1.8);
INSERT INTO candidate (id, constituency_id, name, party, coalition) VALUES (386, 154, "Muhyiddin Yassin", "UMNO", "BN");
INSERT INTO result (constituency_id, candidate_id, votes, votes_p, winner, majority) VALUES (154, 386, 26274, 64.8, 1, 12842);
INSERT INTO candidate (id, constituency_id, name, party, coalition) VALUES (387, 154, "Mohamad Rozali Jamil", "PAS", "PR");
INSERT INTO result (constituency_id, candidate_id, votes, votes_p, winner, majority) VALUES (154, 387, 13432, 33.1, 0, 0);
INSERT INTO constituency (id, code, name, state_id, incumbent, eligible_voters, malay_voters, chinese_voters, indian_voters, others_voters, muslim_bumi_voters, non_muslim_bumi_voters, latitude, longitude) VALUES (154, "P143", "Pagoh", 12, "Muhyiddin Yassin (BN-UMNO)", 46793, 64, 31, 4, 0, 0, 0, 2.149223, 102.7721509);
INSERT INTO stat (constituency_id, voter_turnout, voter_turnout_p, spoilt_votes, spoilt_votes_p) VALUES (154, 40522, 86.6, 816, 1.7);
INSERT INTO candidate (id, constituency_id, name, party, coalition) VALUES (388, 155, "Hamim Samuri", "UMNO", "BN");
INSERT INTO result (constituency_id, candidate_id, votes, votes_p, winner, majority) VALUES (155, 388, 30619, 50.7, 1, 1967);
INSERT INTO candidate (id, constituency_id, name, party, coalition) VALUES (389, 155, "Hassan Abdul Karim", "PKR", "PR");
INSERT INTO result (constituency_id, candidate_id, votes, votes_p, winner, majority) VALUES (155, 389, 28652, 47.5, 0, 0);
INSERT INTO constituency (id, code, name, state_id, incumbent, eligible_voters, malay_voters, chinese_voters, indian_voters, others_voters, muslim_bumi_voters, non_muslim_bumi_voters, latitude, longitude) VALUES (155, "P144", "Ledang", 12, "Hamim Samuri (BN-UMNO)", 69316, 53, 41, 5, 0, 0, 0, 2.2684459, 102.5387099);
INSERT INTO stat (constituency_id, voter_turnout, voter_turnout_p, spoilt_votes, spoilt_votes_p) VALUES (155, 60348, 87.1, 1077, 1.6);
INSERT INTO candidate (id, constituency_id, name, party, coalition) VALUES (390, 156, "Er Teck Hwa", "DAP", "PR");
INSERT INTO result (constituency_id, candidate_id, votes, votes_p, winner, majority) VALUES (156, 390, 31118, 53.4, 1, 5067);
INSERT INTO candidate (id, constituency_id, name, party, coalition) VALUES (391, 156, "Lee Ching Yong", "MCA", "BN");
INSERT INTO result (constituency_id, candidate_id, votes, votes_p, winner, majority) VALUES (156, 391, 26051, 44.7, 0, 0);
INSERT INTO constituency (id, code, name, state_id, incumbent, eligible_voters, malay_voters, chinese_voters, indian_voters, others_voters, muslim_bumi_voters, non_muslim_bumi_voters, latitude, longitude) VALUES (156, "P145", "Bakri", 12, "Er Teck Hwa (PR-DAP)", 67202, 44, 53, 2, 0, 0, 0, 2.041668, 102.657731);
INSERT INTO stat (constituency_id, voter_turnout, voter_turnout_p, spoilt_votes, spoilt_votes_p) VALUES (156, 58270, 86.7, 1101, 1.6);
INSERT INTO candidate (id, constituency_id, name, party, coalition) VALUES (392, 157, "Razali Ibrahim", "UMNO", "BN");
INSERT INTO result (constituency_id, candidate_id, votes, votes_p, winner, majority) VALUES (157, 392, 20867, 51.0, 1, 1646);
INSERT INTO candidate (id, constituency_id, name, party, coalition) VALUES (393, 157, "Nor Hizwan Ahmad", "PKR", "PR");
INSERT INTO result (constituency_id, candidate_id, votes, votes_p, winner, majority) VALUES (157, 393, 19221, 47.0, 0, 0);
INSERT INTO constituency (id, code, name, state_id, incumbent, eligible_voters, malay_voters, chinese_voters, indian_voters, others_voters, muslim_bumi_voters, non_muslim_bumi_voters, latitude, longitude) VALUES (157, "P146", "Muar", 12, "Razali Ibrahim (BN-UMNO)", 48208, 62, 35, 1, 0, 0, 0, 2.0630519, 102.5848717);
INSERT INTO stat (constituency_id, voter_turnout, voter_turnout_p, spoilt_votes, spoilt_votes_p) VALUES (157, 40892, 84.8, 804, 1.7);
INSERT INTO candidate (id, constituency_id, name, party, coalition) VALUES (394, 158, "Noraini Ahmad", "UMNO", "BN");
INSERT INTO result (constituency_id, candidate_id, votes, votes_p, winner, majority) VALUES (158, 394, 30258, 60.9, 1, 11753);
INSERT INTO candidate (id, constituency_id, name, party, coalition) VALUES (395, 158, "Khairuddin A Rahim", "PAS", "PR");
INSERT INTO result (constituency_id, candidate_id, votes, votes_p, winner, majority) VALUES (158, 395, 18505, 37.2, 0, 0);
INSERT INTO constituency (id, code, name, state_id, incumbent, eligible_voters, malay_voters, chinese_voters, indian_voters, others_voters, muslim_bumi_voters, non_muslim_bumi_voters, latitude, longitude) VALUES (158, "P147", "Parit Sulong", 12, "Noraini Ahmad (BN-UMNO)", 56896, 72, 23, 0, 5, 0, 0, 1.98156, 102.8783819);
INSERT INTO stat (constituency_id, voter_turnout, voter_turnout_p, spoilt_votes, spoilt_votes_p) VALUES (158, 49715, 87.4, 952, 1.7);
INSERT INTO candidate (id, constituency_id, name, party, coalition) VALUES (396, 159, "Wee Ka Siong", "MCA", "BN");
INSERT INTO result (constituency_id, candidate_id, votes, votes_p, winner, majority) VALUES (159, 396, 22045, 58.4, 1, 7310);
INSERT INTO candidate (id, constituency_id, name, party, coalition) VALUES (397, 159, "Hu Pang Chaw", "PAS", "PR");
INSERT INTO result (constituency_id, candidate_id, votes, votes_p, winner, majority) VALUES (159, 397, 14735, 39.0, 0, 0);
INSERT INTO constituency (id, code, name, state_id, incumbent, eligible_voters, malay_voters, chinese_voters, indian_voters, others_voters, muslim_bumi_voters, non_muslim_bumi_voters, latitude, longitude) VALUES (159, "P148", "Ayer Hitam", 12, "Wee Ka Siong (BN-MCA)", 42913, 56, 38, 4, 0, 0, 0, 1.918339, 103.1799611);
INSERT INTO stat (constituency_id, voter_turnout, voter_turnout_p, spoilt_votes, spoilt_votes_p) VALUES (159, 37747, 88.0, 967, 2.3);
INSERT INTO candidate (id, constituency_id, name, party, coalition) VALUES (398, 160, "Aziz Kaprawi", "UMNO", "BN");
INSERT INTO result (constituency_id, candidate_id, votes, votes_p, winner, majority) VALUES (160, 398, 22453, 56.4, 1, 5761);
INSERT INTO candidate (id, constituency_id, name, party, coalition) VALUES (399, 160, "Mohd Khuzzan Abu Bakar", "PKR", "PR");
INSERT INTO result (constituency_id, candidate_id, votes, votes_p, winner, majority) VALUES (160, 399, 16692, 41.9, 0, 0);
INSERT INTO constituency (id, code, name, state_id, incumbent, eligible_voters, malay_voters, chinese_voters, indian_voters, others_voters, muslim_bumi_voters, non_muslim_bumi_voters, latitude, longitude) VALUES (160, "P149", "Sri Gading", 12, "Mohamad Aziz (BN-UMNO)", 44816, 63, 34, 0, 2, 0, 0, 1.85379, 103.030115);
INSERT INTO stat (constituency_id, voter_turnout, voter_turnout_p, spoilt_votes, spoilt_votes_p) VALUES (160, 39818, 88.8, 673, 1.5);
INSERT INTO candidate (id, constituency_id, name, party, coalition) VALUES (400, 161, "Mohd Idris Jusi", "PKR", "PR");
INSERT INTO result (constituency_id, candidate_id, votes, votes_p, winner, majority) VALUES (161, 400, 38563, 50.1, 1, 1524);
INSERT INTO candidate (id, constituency_id, name, party, coalition) VALUES (401, 161, "Mohd Puad Zarkashi", "UMNO", "BN");
INSERT INTO result (constituency_id, candidate_id, votes, votes_p, winner, majority) VALUES (161, 401, 37039, 48.1, 0, 0);
INSERT INTO constituency (id, code, name, state_id, incumbent, eligible_voters, malay_voters, chinese_voters, indian_voters, others_voters, muslim_bumi_voters, non_muslim_bumi_voters, latitude, longitude) VALUES (161, "P150", "Batu Pahat", 12, "Mohd Puad Zarkashi (BN-UMNO)", 88272, 52, 46, 0, 2, 0, 0, 1.849442, 102.9288341);
INSERT INTO stat (constituency_id, voter_turnout, voter_turnout_p, spoilt_votes, spoilt_votes_p) VALUES (161, 77047, 87.3, 1445, 1.6);
INSERT INTO candidate (id, constituency_id, name, party, coalition) VALUES (402, 162, "Liang Teck Meng", "Gerakan", "BN");
INSERT INTO result (constituency_id, candidate_id, votes, votes_p, winner, majority) VALUES (162, 402, 19754, 57.0, 1, 5706);
INSERT INTO candidate (id, constituency_id, name, party, coalition) VALUES (403, 162, "Suhaizan Kaiat", "PAS", "PR");
INSERT INTO result (constituency_id, candidate_id, votes, votes_p, winner, majority) VALUES (162, 403, 14048, 40.5, 0, 0);
INSERT INTO constituency (id, code, name, state_id, incumbent, eligible_voters, malay_voters, chinese_voters, indian_voters, others_voters, muslim_bumi_voters, non_muslim_bumi_voters, latitude, longitude) VALUES (162, "P151", "Simpang Renggam", 12, "Liang Teck Meng (BN-Gerakan)", 40143, 57, 33, 9, 0, 0, 0, 1.827292, 103.3099852);
INSERT INTO stat (constituency_id, voter_turnout, voter_turnout_p, spoilt_votes, spoilt_votes_p) VALUES (162, 34670, 86.4, 868, 2.2);
INSERT INTO candidate (id, constituency_id, name, party, coalition) VALUES (404, 163, "Liew Chin Tong", "DAP", "PR");
INSERT INTO result (constituency_id, candidate_id, votes, votes_p, winner, majority) VALUES (163, 404, 40574, 54.0, 1, 7359);
INSERT INTO candidate (id, constituency_id, name, party, coalition) VALUES (405, 163, "Hou Kok Chung", "MCA", "BN");
INSERT INTO result (constituency_id, candidate_id, votes, votes_p, winner, majority) VALUES (163, 405, 33215, 44.2, 0, 0);
INSERT INTO constituency (id, code, name, state_id, incumbent, eligible_voters, malay_voters, chinese_voters, indian_voters, others_voters, muslim_bumi_voters, non_muslim_bumi_voters, latitude, longitude) VALUES (163, "P152", "Kluang", 12, "Hou Kok Chung (BN-MCA)", 86732, 39, 49, 10, 0, 0, 0, 2.030068, 103.3184639);
INSERT INTO stat (constituency_id, voter_turnout, voter_turnout_p, spoilt_votes, spoilt_votes_p) VALUES (163, 75081, 86.6, 1292, 1.5);
INSERT INTO candidate (id, constituency_id, name, party, coalition) VALUES (406, 164, "Hishammuddin Hussein", "UMNO", "BN");
INSERT INTO result (constituency_id, candidate_id, votes, votes_p, winner, majority) VALUES (164, 406, 22841, 63.7, 1, 10631);
INSERT INTO candidate (id, constituency_id, name, party, coalition) VALUES (407, 164, "Onn Abu Bakar", "PKR", "PR");
INSERT INTO result (constituency_id, candidate_id, votes, votes_p, winner, majority) VALUES (164, 407, 12210, 34.0, 0, 0);
INSERT INTO constituency (id, code, name, state_id, incumbent, eligible_voters, malay_voters, chinese_voters, indian_voters, others_voters, muslim_bumi_voters, non_muslim_bumi_voters, latitude, longitude) VALUES (164, "P153", "Sembrong", 12, "Hishammuddin Hussein (BN-UMNO)", 41588, 58, 31, 9, 0, 0, 0, 2.5090699, 103.4049445);
INSERT INTO stat (constituency_id, voter_turnout, voter_turnout_p, spoilt_votes, spoilt_votes_p) VALUES (164, 35860, 86.2, 809, 1.9);
INSERT INTO candidate (id, constituency_id, name, party, coalition) VALUES (408, 165, "Abdul Latiff Ahmad", "UMNO", "BN");
INSERT INTO result (constituency_id, candidate_id, votes, votes_p, winner, majority) VALUES (165, 408, 26184, 70.2, 1, 15747);
INSERT INTO candidate (id, constituency_id, name, party, coalition) VALUES (409, 165, "Roslan Nikmat", "PAS", "PR");
INSERT INTO result (constituency_id, candidate_id, votes, votes_p, winner, majority) VALUES (165, 409, 10437, 28.0, 0, 0);
INSERT INTO constituency (id, code, name, state_id, incumbent, eligible_voters, malay_voters, chinese_voters, indian_voters, others_voters, muslim_bumi_voters, non_muslim_bumi_voters, latitude, longitude) VALUES (165, "P154", "Mersing", 12, "Abdul Latiff Ahmad (BN-UMNO)", 44497, 79, 16, 0, 5, 0, 0, 2.430917, 103.8361151);
INSERT INTO stat (constituency_id, voter_turnout, voter_turnout_p, spoilt_votes, spoilt_votes_p) VALUES (165, 37299, 83.8, 678, 1.5);
INSERT INTO candidate (id, constituency_id, name, party, coalition) VALUES (410, 166, "Halimah Mohamed Sadique", "UMNO", "BN");
INSERT INTO result (constituency_id, candidate_id, votes, votes_p, winner, majority) VALUES (166, 410, 25698, 73.7, 1, 17196);
INSERT INTO candidate (id, constituency_id, name, party, coalition) VALUES (411, 166, "Muhamad Said Jonit", "PAS", "PR");
INSERT INTO result (constituency_id, candidate_id, votes, votes_p, winner, majority) VALUES (166, 411, 8502, 24.4, 0, 0);
INSERT INTO constituency (id, code, name, state_id, incumbent, eligible_voters, malay_voters, chinese_voters, indian_voters, others_voters, muslim_bumi_voters, non_muslim_bumi_voters, latitude, longitude) VALUES (166, "P155", "Tenggara", 12, "Halimah Mohamed Sadique (BN-UMNO)", 39694, 72, 18, 7, 0, 0, 0, 1.873182, 103.6120601);
INSERT INTO stat (constituency_id, voter_turnout, voter_turnout_p, spoilt_votes, spoilt_votes_p) VALUES (166, 34876, 87.9, 676, 1.7);
INSERT INTO candidate (id, constituency_id, name, party, coalition) VALUES (412, 167, "Noor Ehsanuddin Mohd Harun Narrashid", "UMNO", "BN");
INSERT INTO result (constituency_id, candidate_id, votes, votes_p, winner, majority) VALUES (167, 412, 30373, 82.4, 1, 24574);
INSERT INTO candidate (id, constituency_id, name, party, coalition) VALUES (413, 167, "Onn Jaafar", "PAS", "PR");
INSERT INTO result (constituency_id, candidate_id, votes, votes_p, winner, majority) VALUES (167, 413, 5799, 15.7, 0, 0);
INSERT INTO constituency (id, code, name, state_id, incumbent, eligible_voters, malay_voters, chinese_voters, indian_voters, others_voters, muslim_bumi_voters, non_muslim_bumi_voters, latitude, longitude) VALUES (167, "P156", "Kota Tinggi", 12, "Syed Hamid Albar (BN-UMNO)", 41894, 86, 11, 2, 0, 0, 0, 1.729375, 103.899227);
INSERT INTO stat (constituency_id, voter_turnout, voter_turnout_p, spoilt_votes, spoilt_votes_p) VALUES (167, 36868, 88.0, 696, 1.7);
INSERT INTO candidate (id, constituency_id, name, party, coalition) VALUES (414, 168, "Azalina Othman Said", "UMNO", "BN");
INSERT INTO result (constituency_id, candidate_id, votes, votes_p, winner, majority) VALUES (168, 414, 26992, 81.9, 1, 22508);
INSERT INTO candidate (id, constituency_id, name, party, coalition) VALUES (415, 168, "Tengku Intan Tengku Abdul Hamid", "PKR", "PR");
INSERT INTO result (constituency_id, candidate_id, votes, votes_p, winner, majority) VALUES (168, 415, 4484, 13.6, 0, 0);
INSERT INTO constituency (id, code, name, state_id, incumbent, eligible_voters, malay_voters, chinese_voters, indian_voters, others_voters, muslim_bumi_voters, non_muslim_bumi_voters, latitude, longitude) VALUES (168, "P157", "Pengerang", 12, "Azalina Othman Said (BN-UMNO)", 37999, 88, 10, 0, 2, 0, 0, 1.365763, 104.107298);
INSERT INTO stat (constituency_id, voter_turnout, voter_turnout_p, spoilt_votes, spoilt_votes_p) VALUES (168, 32969, 86.8, 698, 1.8);
INSERT INTO candidate (id, constituency_id, name, party, coalition) VALUES (416, 168, "Mohd Azaman Johari", "IND", "IND");
INSERT INTO result (constituency_id, candidate_id, votes, votes_p, winner, majority) VALUES (168, 416, 795, 2.4, 0, 0);
INSERT INTO candidate (id, constituency_id, name, party, coalition) VALUES (417, 169, "Khoo Soo Seang", "MCA", "BN");
INSERT INTO result (constituency_id, candidate_id, votes, votes_p, winner, majority) VALUES (169, 417, 39985, 50.1, 1, 1767);
INSERT INTO candidate (id, constituency_id, name, party, coalition) VALUES (418, 169, "Choong Shiau Yoon", "PKR", "PR");
INSERT INTO result (constituency_id, candidate_id, votes, votes_p, winner, majority) VALUES (169, 418, 38218, 47.9, 0, 0);
INSERT INTO constituency (id, code, name, state_id, incumbent, eligible_voters, malay_voters, chinese_voters, indian_voters, others_voters, muslim_bumi_voters, non_muslim_bumi_voters, latitude, longitude) VALUES (169, "P158", "Tebrau", 12, "Teng Boon Soon (BN-MCA)", 90482, 47, 38, 13, 0, 0, 0, 1.5714479, 103.752088);
INSERT INTO stat (constituency_id, voter_turnout, voter_turnout_p, spoilt_votes, spoilt_votes_p) VALUES (169, 79754, 88.1, 1551, 1.7);
INSERT INTO candidate (id, constituency_id, name, party, coalition) VALUES (419, 170, "Normala Abdul Samad", "UMNO", "BN");
INSERT INTO result (constituency_id, candidate_id, votes, votes_p, winner, majority) VALUES (170, 419, 43834, 49.6, 1, 935);
INSERT INTO candidate (id, constituency_id, name, party, coalition) VALUES (420, 170, "Ahmad Faidhi Saidi", "PKR", "PR");
INSERT INTO result (constituency_id, candidate_id, votes, votes_p, winner, majority) VALUES (170, 420, 42899, 48.5, 0, 0);
INSERT INTO constituency (id, code, name, state_id, incumbent, eligible_voters, malay_voters, chinese_voters, indian_voters, others_voters, muslim_bumi_voters, non_muslim_bumi_voters, latitude, longitude) VALUES (170, "P159", "Pasir Gudang", 12, "Mohamed Khaled Nordin (BN-UMNO)", 101041, 47, 38, 11, 0, 0, 0, 1.470288, 103.9029689);
INSERT INTO stat (constituency_id, voter_turnout, voter_turnout_p, spoilt_votes, spoilt_votes_p) VALUES (170, 88437, 86.0, 1704, 1.9);
INSERT INTO candidate (id, constituency_id, name, party, coalition) VALUES (421, 171, "Shahrir Abdul Samad", "UMNO", "BN");
INSERT INTO result (constituency_id, candidate_id, votes, votes_p, winner, majority) VALUES (171, 421, 44509, 55.8, 1, 10495);
INSERT INTO candidate (id, constituency_id, name, party, coalition) VALUES (422, 171, "Md Hashim Hussein", "PKR", "PR");
INSERT INTO result (constituency_id, candidate_id, votes, votes_p, winner, majority) VALUES (171, 422, 34014, 42.6, 0, 0);
INSERT INTO constituency (id, code, name, state_id, incumbent, eligible_voters, malay_voters, chinese_voters, indian_voters, others_voters, muslim_bumi_voters, non_muslim_bumi_voters, latitude, longitude) VALUES (171, "P160", "Johor Bahru", 12, "Shahrir Abdul Samad (BN-UMNO)", 96321, 51, 43, 5, 0, 0, 0, 1.492659, 103.7413591);
INSERT INTO stat (constituency_id, voter_turnout, voter_turnout_p, spoilt_votes, spoilt_votes_p) VALUES (171, 79807, 82.8, 1284, 1.3);
INSERT INTO candidate (id, constituency_id, name, party, coalition) VALUES (423, 172, "Nur Jazlan Mohamed", "UMNO", "BN");
INSERT INTO result (constituency_id, candidate_id, votes, votes_p, winner, majority) VALUES (172, 423, 43751, 51.0, 1, 3226);
INSERT INTO candidate (id, constituency_id, name, party, coalition) VALUES (424, 172, "Salahuddin Ayub", "PAS", "PR");
INSERT INTO result (constituency_id, candidate_id, votes, votes_p, winner, majority) VALUES (172, 424, 40525, 47.3, 0, 0);
INSERT INTO constituency (id, code, name, state_id, incumbent, eligible_voters, malay_voters, chinese_voters, indian_voters, others_voters, muslim_bumi_voters, non_muslim_bumi_voters, latitude, longitude) VALUES (172, "P161", "Pulai", 12, "Nur Jazlan Mohamed (BN-UMNO)", 100490, 47, 41, 10, 0, 0, 0, 5.657492, 100.8942581);
INSERT INTO stat (constituency_id, voter_turnout, voter_turnout_p, spoilt_votes, spoilt_votes_p) VALUES (172, 85763, 85.3, 1487, 1.5);
INSERT INTO candidate (id, constituency_id, name, party, coalition) VALUES (425, 173, "Lim Kit Siang", "DAP", "PR");
INSERT INTO result (constituency_id, candidate_id, votes, votes_p, winner, majority) VALUES (173, 425, 54284, 57.2, 1, 14762);
INSERT INTO candidate (id, constituency_id, name, party, coalition) VALUES (426, 173, "Abdul Ghani Othman", "UMNO", "BN");
INSERT INTO result (constituency_id, candidate_id, votes, votes_p, winner, majority) VALUES (173, 426, 39522, 41.7, 0, 0);
INSERT INTO constituency (id, code, name, state_id, incumbent, eligible_voters, malay_voters, chinese_voters, indian_voters, others_voters, muslim_bumi_voters, non_muslim_bumi_voters, latitude, longitude) VALUES (173, "P162", "Gelang Patah", 12, "Tan Ah Eng (BN-MCA)", 106726, 34, 52, 12, 0, 0, 0, 1.447535, 103.590679);
INSERT INTO stat (constituency_id, voter_turnout, voter_turnout_p, spoilt_votes, spoilt_votes_p) VALUES (173, 94865, 88.9, 1059, 1.0);
INSERT INTO candidate (id, constituency_id, name, party, coalition) VALUES (427, 174, "Teo Nie Ching", "DAP", "PR");
INSERT INTO result (constituency_id, candidate_id, votes, votes_p, winner, majority) VALUES (174, 427, 43338, 57.9, 1, 13450);
INSERT INTO candidate (id, constituency_id, name, party, coalition) VALUES (428, 174, "Tay Chin Hein", "MCA", "BN");
INSERT INTO result (constituency_id, candidate_id, votes, votes_p, winner, majority) VALUES (174, 428, 29888, 39.9, 0, 0);
INSERT INTO constituency (id, code, name, state_id, incumbent, eligible_voters, malay_voters, chinese_voters, indian_voters, others_voters, muslim_bumi_voters, non_muslim_bumi_voters, latitude, longitude) VALUES (174, "P163", "Kulai", 12, "Ong Ka Ting (BN-MCA)", 83991, 33, 56, 10, 0, 0, 0, 1.662981, 103.5999371);
INSERT INTO stat (constituency_id, voter_turnout, voter_turnout_p, spoilt_votes, spoilt_votes_p) VALUES (174, 74896, 89.2, 1432, 1.7);
INSERT INTO candidate (id, constituency_id, name, party, coalition) VALUES (429, 174, "Surendiran Kuppayah", "IND", "IND");
INSERT INTO result (constituency_id, candidate_id, votes, votes_p, winner, majority) VALUES (174, 429, 238, 0.3, 0, 0);
INSERT INTO candidate (id, constituency_id, name, party, coalition) VALUES (430, 175, "Ahmad Maslan", "UMNO", "BN");
INSERT INTO result (constituency_id, candidate_id, votes, votes_p, winner, majority) VALUES (175, 430, 27804, 65.0, 1, 13727);
INSERT INTO candidate (id, constituency_id, name, party, coalition) VALUES (431, 175, "Haniff @ Ghazali Hosman", "PKR", "PR");
INSERT INTO result (constituency_id, candidate_id, votes, votes_p, winner, majority) VALUES (175, 431, 14077, 32.9, 0, 0);
INSERT INTO constituency (id, code, name, state_id, incumbent, eligible_voters, malay_voters, chinese_voters, indian_voters, others_voters, muslim_bumi_voters, non_muslim_bumi_voters, latitude, longitude) VALUES (175, "P164", "Pontian", 12, "Ahmad Maslan (BN-UMNO)", 49633, 69, 28, 0, 3, 0, 0, 1.485561, 103.3878589);
INSERT INTO stat (constituency_id, voter_turnout, voter_turnout_p, spoilt_votes, spoilt_votes_p) VALUES (175, 42752, 86.1, 871, 1.8);
INSERT INTO candidate (id, constituency_id, name, party, coalition) VALUES (432, 176, "Wee Jeck Seng", "MCA", "BN");
INSERT INTO result (constituency_id, candidate_id, votes, votes_p, winner, majority) VALUES (176, 432, 25038, 55.0, 1, 5457);
INSERT INTO candidate (id, constituency_id, name, party, coalition) VALUES (433, 176, "Mahdzir Ibrahim", "DAP", "PR");
INSERT INTO result (constituency_id, candidate_id, votes, votes_p, winner, majority) VALUES (176, 433, 19581, 43.0, 0, 0);
INSERT INTO constituency (id, code, name, state_id, incumbent, eligible_voters, malay_voters, chinese_voters, indian_voters, others_voters, muslim_bumi_voters, non_muslim_bumi_voters, latitude, longitude) VALUES (176, "P165", "Tanjong Piai", 12, "Wee Jeck Seng (BN-MCA)", 51875, 51, 47, 0, 2, 0, 0, 1.2734073, 103.4988714);
INSERT INTO stat (constituency_id, voter_turnout, voter_turnout_p, spoilt_votes, spoilt_votes_p) VALUES (176, 45537, 87.8, 918, 1.8);
INSERT INTO state (id, name) VALUES (13, "Federal Territory of Labuan");
INSERT INTO candidate (id, constituency_id, name, party, coalition) VALUES (434, 177, "Rozman Isli", "UMNO", "BN");
INSERT INTO result (constituency_id, candidate_id, votes, votes_p, winner, majority) VALUES (177, 434, 12694, 65.6, 1, 6625);
INSERT INTO candidate (id, constituency_id, name, party, coalition) VALUES (435, 177, "Ibrahim Menudin", "PKR", "PR");
INSERT INTO result (constituency_id, candidate_id, votes, votes_p, winner, majority) VALUES (177, 435, 6069, 31.4, 0, 0);
INSERT INTO constituency (id, code, name, state_id, incumbent, eligible_voters, malay_voters, chinese_voters, indian_voters, others_voters, muslim_bumi_voters, non_muslim_bumi_voters, latitude, longitude) VALUES (177, "P166", "Labuan", 13, "Yussof Mahal (BN-UMNO)", 24474, 0, 23, 0, 0, 60, 14, 5.2831456, 115.230825);
INSERT INTO stat (constituency_id, voter_turnout, voter_turnout_p, spoilt_votes, spoilt_votes_p) VALUES (177, 19356, 79.1, 207, 0.8);
INSERT INTO state (id, name) VALUES (14, "Sabah");
INSERT INTO candidate (id, constituency_id, name, party, coalition) VALUES (436, 178, "Abdul Rahim Bakri", "UMNO", "BN");
INSERT INTO result (constituency_id, candidate_id, votes, votes_p, winner, majority) VALUES (178, 436, 21883, 60.2, 1, 12376);
INSERT INTO candidate (id, constituency_id, name, party, coalition) VALUES (437, 178, "Rahimah Majid", "PKR", "PR");
INSERT INTO result (constituency_id, candidate_id, votes, votes_p, winner, majority) VALUES (178, 437, 9507, 26.2, 0, 0);
INSERT INTO constituency (id, code, name, state_id, incumbent, eligible_voters, malay_voters, chinese_voters, indian_voters, others_voters, muslim_bumi_voters, non_muslim_bumi_voters, latitude, longitude) VALUES (178, "P167", "Kudat", 14, "Abdul Rahim Bakri (BN-UMNO)", 47249, 0, 11, 0, 0, 47, 40, 6.88684, 116.8253111);
INSERT INTO stat (constituency_id, voter_turnout, voter_turnout_p, spoilt_votes, spoilt_votes_p) VALUES (178, 36355, 76.9, 919, 1.9);
INSERT INTO candidate (id, constituency_id, name, party, coalition) VALUES (438, 178, "Jutirim Galibai Galabi", "STAR", "STAR");
INSERT INTO result (constituency_id, candidate_id, votes, votes_p, winner, majority) VALUES (178, 438, 3083, 8.5, 0, 0);
INSERT INTO candidate (id, constituency_id, name, party, coalition) VALUES (439, 178, "Mojurip Diyun", "SAPP", "SAPP");
INSERT INTO result (constituency_id, candidate_id, votes, votes_p, winner, majority) VALUES (178, 439, 963, 2.6, 0, 0);
INSERT INTO candidate (id, constituency_id, name, party, coalition) VALUES (440, 179, "Maximus Johnity Ongkili", "PBS", "BN");
INSERT INTO result (constituency_id, candidate_id, votes, votes_p, winner, majority) VALUES (179, 440, 15168, 45.9, 1, 842);
INSERT INTO candidate (id, constituency_id, name, party, coalition) VALUES (441, 179, "Maijol Mahap", "PKR", "PR");
INSERT INTO result (constituency_id, candidate_id, votes, votes_p, winner, majority) VALUES (179, 441, 14326, 43.3, 0, 0);
INSERT INTO constituency (id, code, name, state_id, incumbent, eligible_voters, malay_voters, chinese_voters, indian_voters, others_voters, muslim_bumi_voters, non_muslim_bumi_voters, latitude, longitude) VALUES (179, "P168", "Kota Marudu", 14, "Maximus Johnity Ongkili (BN-PBS)", 42197, 0, 2, 0, 0, 26, 71, 6.465705, 116.726409);
INSERT INTO stat (constituency_id, voter_turnout, voter_turnout_p, spoilt_votes, spoilt_votes_p) VALUES (179, 33077, 78.4, 911, 2.2);
INSERT INTO candidate (id, constituency_id, name, party, coalition) VALUES (442, 179, "Majamis Timbong", "STAR", "STAR");
INSERT INTO result (constituency_id, candidate_id, votes, votes_p, winner, majority) VALUES (179, 442, 2228, 6.7, 0, 0);
INSERT INTO candidate (id, constituency_id, name, party, coalition) VALUES (443, 179, "Yuntau Kolod", "SAPP", "SAPP");
INSERT INTO result (constituency_id, candidate_id, votes, votes_p, winner, majority) VALUES (179, 443, 444, 11.3, 0, 0);
INSERT INTO candidate (id, constituency_id, name, party, coalition) VALUES (444, 180, "Abdul Rahman Dahlan", "UMNO", "BN");
INSERT INTO result (constituency_id, candidate_id, votes, votes_p, winner, majority) VALUES (180, 444, 21768, 50.1, 1, 5095);
INSERT INTO candidate (id, constituency_id, name, party, coalition) VALUES (445, 180, "Isnaraissah Munirah Majili", "PKR", "PR");
INSERT INTO result (constituency_id, candidate_id, votes, votes_p, winner, majority) VALUES (180, 445, 16673, 38.4, 0, 0);
INSERT INTO constituency (id, code, name, state_id, incumbent, eligible_voters, malay_voters, chinese_voters, indian_voters, others_voters, muslim_bumi_voters, non_muslim_bumi_voters, latitude, longitude) VALUES (180, "P169", "Kota Belud", 14, "Abdul Rahman Dahlan (BN-UMNO)", 51467, 0, 2, 0, 0, 59, 39, 6.353248, 116.4278768);
INSERT INTO stat (constituency_id, voter_turnout, voter_turnout_p, spoilt_votes, spoilt_votes_p) VALUES (180, 43423, 84.4, 1109, 2.2);
INSERT INTO candidate (id, constituency_id, name, party, coalition) VALUES (446, 180, "Jalumin Bayogoh", "STAR", "STAR");
INSERT INTO result (constituency_id, candidate_id, votes, votes_p, winner, majority) VALUES (180, 446, 2709, 6.2, 0, 0);
INSERT INTO candidate (id, constituency_id, name, party, coalition) VALUES (447, 180, "Lamsil Amidsor", "IND", "IND");
INSERT INTO result (constituency_id, candidate_id, votes, votes_p, winner, majority) VALUES (180, 447, 979, 2.3, 0, 0);
INSERT INTO candidate (id, constituency_id, name, party, coalition) VALUES (448, 180, "Kanul Gindol", "IND", "IND");
INSERT INTO result (constituency_id, candidate_id, votes, votes_p, winner, majority) VALUES (180, 448, 185, 0.4, 0, 0);
INSERT INTO candidate (id, constituency_id, name, party, coalition) VALUES (449, 181, "Madius Tangau", "UPKO", "BN");
INSERT INTO result (constituency_id, candidate_id, votes, votes_p, winner, majority) VALUES (181, 449, 20685, 50.8, 1, 5190);
INSERT INTO candidate (id, constituency_id, name, party, coalition) VALUES (450, 181, "Wilfred Bumburing", "PKR", "PR");
INSERT INTO result (constituency_id, candidate_id, votes, votes_p, winner, majority) VALUES (181, 450, 15495, 38.0, 0, 0);
INSERT INTO constituency (id, code, name, state_id, incumbent, eligible_voters, malay_voters, chinese_voters, indian_voters, others_voters, muslim_bumi_voters, non_muslim_bumi_voters, latitude, longitude) VALUES (181, "P170", "Tuaran", 14, "Wilfred Bumburing (IND)", 48276, 0, 6, 0, 0, 44, 50, 6.176269, 116.23279);
INSERT INTO stat (constituency_id, voter_turnout, voter_turnout_p, spoilt_votes, spoilt_votes_p) VALUES (181, 40748, 84.4, 795, 1.6);
INSERT INTO candidate (id, constituency_id, name, party, coalition) VALUES (451, 181, "Erveana Ansari Ali", "IND", "IND");
INSERT INTO result (constituency_id, candidate_id, votes, votes_p, winner, majority) VALUES (181, 451, 2264, 5.6, 0, 0);
INSERT INTO candidate (id, constituency_id, name, party, coalition) VALUES (452, 181, "Samin Dulin", "STAR", "STAR");
INSERT INTO result (constituency_id, candidate_id, votes, votes_p, winner, majority) VALUES (181, 452, 1509, 3.7, 0, 0);
INSERT INTO candidate (id, constituency_id, name, party, coalition) VALUES (453, 182, "Jumat Idris", "UMNO", "BN");
INSERT INTO result (constituency_id, candidate_id, votes, votes_p, winner, majority) VALUES (182, 453, 22845, 52.6, 1, 9442);
INSERT INTO candidate (id, constituency_id, name, party, coalition) VALUES (454, 182, "Jeffrey Kumin", "DAP", "PR");
INSERT INTO result (constituency_id, candidate_id, votes, votes_p, winner, majority) VALUES (182, 454, 13403, 30.9, 0, 0);
INSERT INTO constituency (id, code, name, state_id, incumbent, eligible_voters, malay_voters, chinese_voters, indian_voters, others_voters, muslim_bumi_voters, non_muslim_bumi_voters, latitude, longitude) VALUES (182, "P171", "Sepanggar", 14, "Eric Majimbun (SAPP)", 53374, 0, 19, 0, 0, 52, 26, 6.0693432, 116.0694633);
INSERT INTO stat (constituency_id, voter_turnout, voter_turnout_p, spoilt_votes, spoilt_votes_p) VALUES (182, 43416, 81.3, 1167, 2.2);
INSERT INTO candidate (id, constituency_id, name, party, coalition) VALUES (455, 182, "Chin Hon Kiong", "SAPP", "SAPP");
INSERT INTO result (constituency_id, candidate_id, votes, votes_p, winner, majority) VALUES (182, 455, 4070, 9.4, 0, 0);
INSERT INTO candidate (id, constituency_id, name, party, coalition) VALUES (456, 182, "Daniel John Jambun", "STAR", "STAR");
INSERT INTO result (constituency_id, candidate_id, votes, votes_p, winner, majority) VALUES (182, 456, 1931, 4.4, 0, 0);
INSERT INTO candidate (id, constituency_id, name, party, coalition) VALUES (457, 183, "Jimmy Wong Sze Phin", "DAP", "PR");
INSERT INTO result (constituency_id, candidate_id, votes, votes_p, winner, majority) VALUES (183, 457, 28516, 72.2, 1, 18959);
INSERT INTO candidate (id, constituency_id, name, party, coalition) VALUES (458, 183, "Chin Tek Ming", "PBS", "BN");
INSERT INTO result (constituency_id, candidate_id, votes, votes_p, winner, majority) VALUES (183, 458, 9557, 24.2, 0, 0);
INSERT INTO constituency (id, code, name, state_id, incumbent, eligible_voters, malay_voters, chinese_voters, indian_voters, others_voters, muslim_bumi_voters, non_muslim_bumi_voters, latitude, longitude) VALUES (183, "P172", "Kota Kinabalu", 14, "Hiew King Chew (PR-DAP)", 50516, 0, 70, 0, 0, 15, 13, 5.980408, 116.0734568);
INSERT INTO stat (constituency_id, voter_turnout, voter_turnout_p, spoilt_votes, spoilt_votes_p) VALUES (183, 39488, 78.2, 506, 1.0);
INSERT INTO candidate (id, constituency_id, name, party, coalition) VALUES (459, 183, "Liew Hock Leong", "STAR", "STAR");
INSERT INTO result (constituency_id, candidate_id, votes, votes_p, winner, majority) VALUES (183, 459, 909, 2.3, 0, 0);
INSERT INTO candidate (id, constituency_id, name, party, coalition) VALUES (460, 184, "Marcus Mojigoh", "UPKO", "BN");
INSERT INTO result (constituency_id, candidate_id, votes, votes_p, winner, majority) VALUES (184, 460, 17465, 58.7, 1, 9507);
INSERT INTO candidate (id, constituency_id, name, party, coalition) VALUES (461, 184, "Lee Han Kyun", "DAP", "PR");
INSERT INTO result (constituency_id, candidate_id, votes, votes_p, winner, majority) VALUES (184, 461, 7958, 26.7, 0, 0);
INSERT INTO constituency (id, code, name, state_id, incumbent, eligible_voters, malay_voters, chinese_voters, indian_voters, others_voters, muslim_bumi_voters, non_muslim_bumi_voters, latitude, longitude) VALUES (184, "P173", "Putatan", 14, "Marcus Mojigoh (BN-UPKO)", 37490, 0, 19, 0, 0, 63, 15, 5.885695, 116.050792);
INSERT INTO stat (constituency_id, voter_turnout, voter_turnout_p, spoilt_votes, spoilt_votes_p) VALUES (184, 29760, 79.4, 665, 1.8);
INSERT INTO candidate (id, constituency_id, name, party, coalition) VALUES (462, 184, "Awang Ahmad Sah", "STAR", "STAR");
INSERT INTO result (constituency_id, candidate_id, votes, votes_p, winner, majority) VALUES (184, 462, 2604, 8.8, 0, 0);
INSERT INTO candidate (id, constituency_id, name, party, coalition) VALUES (463, 184, "Duli Mari", "SAPP", "SAPP");
INSERT INTO result (constituency_id, candidate_id, votes, votes_p, winner, majority) VALUES (184, 463, 1068, 3.6, 0, 0);
INSERT INTO candidate (id, constituency_id, name, party, coalition) VALUES (464, 185, "Ignatius Dorell Leiking", "PKR", "PR");
INSERT INTO result (constituency_id, candidate_id, votes, votes_p, winner, majority) VALUES (185, 464, 22598, 61.8, 1, 10216);
INSERT INTO candidate (id, constituency_id, name, party, coalition) VALUES (465, 185, "Bernard Giluk Dompok", "UPKO", "BN");
INSERT INTO result (constituency_id, candidate_id, votes, votes_p, winner, majority) VALUES (185, 465, 12382, 33.9, 0, 0);
INSERT INTO constituency (id, code, name, state_id, incumbent, eligible_voters, malay_voters, chinese_voters, indian_voters, others_voters, muslim_bumi_voters, non_muslim_bumi_voters, latitude, longitude) VALUES (185, "P174", "Penampang", 14, "Bernard Giluk Dompok (BN-UPKO)", 44323, 0, 32, 0, 0, 16, 50, 5.914199, 116.107663);
INSERT INTO stat (constituency_id, voter_turnout, voter_turnout_p, spoilt_votes, spoilt_votes_p) VALUES (185, 36553, 82.5, 454, 1.0);
INSERT INTO candidate (id, constituency_id, name, party, coalition) VALUES (466, 185, "Melania Annol", "STAR", "STAR");
INSERT INTO result (constituency_id, candidate_id, votes, votes_p, winner, majority) VALUES (185, 466, 1119, 3.1, 0, 0);
INSERT INTO candidate (id, constituency_id, name, party, coalition) VALUES (467, 186, "Rosnah Abdul Rashid Shirlin", "UMNO", "BN");
INSERT INTO result (constituency_id, candidate_id, votes, votes_p, winner, majority) VALUES (186, 467, 21196, 63.9, 1, 10535);
INSERT INTO candidate (id, constituency_id, name, party, coalition) VALUES (468, 186, "Mohammad Yahya Lampong", "PKR", "PR");
INSERT INTO result (constituency_id, candidate_id, votes, votes_p, winner, majority) VALUES (186, 468, 10661, 32.1, 0, 0);
INSERT INTO constituency (id, code, name, state_id, incumbent, eligible_voters, malay_voters, chinese_voters, indian_voters, others_voters, muslim_bumi_voters, non_muslim_bumi_voters, latitude, longitude) VALUES (186, "P175", "Papar", 14, "Rosnah Abdul Rashid Shirlin (BN-UMNO)", 38771, 0, 9, 0, 0, 60, 30, 5.734628, 115.9318508);
INSERT INTO stat (constituency_id, voter_turnout, voter_turnout_p, spoilt_votes, spoilt_votes_p) VALUES (186, 33194, 85.6, 499, 1.3);
INSERT INTO candidate (id, constituency_id, name, party, coalition) VALUES (469, 186, "Balon Mujim", "STAR", "STAR");
INSERT INTO result (constituency_id, candidate_id, votes, votes_p, winner, majority) VALUES (186, 469, 838, 2.5, 0, 0);
INSERT INTO candidate (id, constituency_id, name, party, coalition) VALUES (470, 187, "Anifah Aman", "UMNO", "BN");
INSERT INTO result (constituency_id, candidate_id, votes, votes_p, winner, majority) VALUES (187, 470, 13754, 59.5, 1, 5723);
INSERT INTO candidate (id, constituency_id, name, party, coalition) VALUES (471, 187, "Jaafar Ismail", "PKR", "PR");
INSERT INTO result (constituency_id, candidate_id, votes, votes_p, winner, majority) VALUES (187, 471, 8031, 34.7, 0, 0);
INSERT INTO constituency (id, code, name, state_id, incumbent, eligible_voters, malay_voters, chinese_voters, indian_voters, others_voters, muslim_bumi_voters, non_muslim_bumi_voters, latitude, longitude) VALUES (187, "P176", "Kimanis", 14, "Anifah Aman (BN-UMNO)", 26628, 0, 4, 0, 0, 60, 34, 5.55288, 115.9844138);
INSERT INTO stat (constituency_id, voter_turnout, voter_turnout_p, spoilt_votes, spoilt_votes_p) VALUES (187, 23128, 86.9, 453, 1.7);
INSERT INTO candidate (id, constituency_id, name, party, coalition) VALUES (472, 187, "Jamil William Core", "SAPP", "SAPP");
INSERT INTO result (constituency_id, candidate_id, votes, votes_p, winner, majority) VALUES (187, 472, 650, 2.8, 0, 0);
INSERT INTO candidate (id, constituency_id, name, party, coalition) VALUES (473, 187, "Lusin Balangon", "STAR", "STAR");
INSERT INTO result (constituency_id, candidate_id, votes, votes_p, winner, majority) VALUES (187, 473, 240, 1.0, 0, 0);
INSERT INTO candidate (id, constituency_id, name, party, coalition) VALUES (474, 188, "Azizah Mohd Dun", "UMNO", "BN");
INSERT INTO result (constituency_id, candidate_id, votes, votes_p, winner, majority) VALUES (188, 474, 12827, 49.4, 1, 672);
INSERT INTO candidate (id, constituency_id, name, party, coalition) VALUES (475, 188, "Lajim Ukin", "PKR", "PR");
INSERT INTO result (constituency_id, candidate_id, votes, votes_p, winner, majority) VALUES (188, 475, 12155, 46.8, 0, 0);
INSERT INTO constituency (id, code, name, state_id, incumbent, eligible_voters, malay_voters, chinese_voters, indian_voters, others_voters, muslim_bumi_voters, non_muslim_bumi_voters, latitude, longitude) VALUES (188, "P177", "Beaufort", 14, "Lajim Ukin (IND)", 30097, 0, 8, 0, 0, 61, 30, 5.345118, 115.745112);
INSERT INTO stat (constituency_id, voter_turnout, voter_turnout_p, spoilt_votes, spoilt_votes_p) VALUES (188, 25949, 86.2, 559, 1.9);
INSERT INTO candidate (id, constituency_id, name, party, coalition) VALUES (476, 188, "Guan Dee Koh Hoi", "STAR", "STAR");
INSERT INTO result (constituency_id, candidate_id, votes, votes_p, winner, majority) VALUES (188, 476, 409, 1.6, 0, 0);
INSERT INTO candidate (id, constituency_id, name, party, coalition) VALUES (477, 189, "Sapawi Ahmad", "UMNO", "BN");
INSERT INTO result (constituency_id, candidate_id, votes, votes_p, winner, majority) VALUES (189, 477, 16377, 67.3, 1, 9469);
INSERT INTO candidate (id, constituency_id, name, party, coalition) VALUES (478, 189, "Ramle Dua", "PKR", "PR");
INSERT INTO result (constituency_id, candidate_id, votes, votes_p, winner, majority) VALUES (189, 478, 6908, 28.4, 0, 0);
INSERT INTO constituency (id, code, name, state_id, incumbent, eligible_voters, malay_voters, chinese_voters, indian_voters, others_voters, muslim_bumi_voters, non_muslim_bumi_voters, latitude, longitude) VALUES (189, "P178", "Sipitang", 14, "Sapawi Ahmad (BN-UMNO)", 29177, 0, 4, 0, 0, 58, 36, 5.07919, 115.550825);
INSERT INTO stat (constituency_id, voter_turnout, voter_turnout_p, spoilt_votes, spoilt_votes_p) VALUES (189, 24329, 83.4, 539, 1.8);
INSERT INTO candidate (id, constituency_id, name, party, coalition) VALUES (479, 189, "Kamis Daming", "SAPP", "SAPP");
INSERT INTO result (constituency_id, candidate_id, votes, votes_p, winner, majority) VALUES (189, 479, 505, 2.1, 0, 0);
INSERT INTO candidate (id, constituency_id, name, party, coalition) VALUES (480, 190, "Ewon Ebin", "UPKO", "BN");
INSERT INTO result (constituency_id, candidate_id, votes, votes_p, winner, majority) VALUES (190, 480, 15434, 49.2, 1, 3611);
INSERT INTO candidate (id, constituency_id, name, party, coalition) VALUES (481, 190, "Jonathan Yasin", "PKR", "PR");
INSERT INTO result (constituency_id, candidate_id, votes, votes_p, winner, majority) VALUES (190, 481, 11823, 37.7, 0, 0);
INSERT INTO constituency (id, code, name, state_id, incumbent, eligible_voters, malay_voters, chinese_voters, indian_voters, others_voters, muslim_bumi_voters, non_muslim_bumi_voters, latitude, longitude) VALUES (190, "P179", "Ranau", 14, "Siringan Gubat (BN-UPKO)", 39053, 0, 2, 0, 0, 11, 87, 5.953561, 116.6639501);
INSERT INTO stat (constituency_id, voter_turnout, voter_turnout_p, spoilt_votes, spoilt_votes_p) VALUES (190, 31396, 80.4, 666, 1.7);
INSERT INTO candidate (id, constituency_id, name, party, coalition) VALUES (482, 190, "Ulianah Situn", "STAR", "STAR");
INSERT INTO result (constituency_id, candidate_id, votes, votes_p, winner, majority) VALUES (190, 482, 2559, 8.2, 0, 0);
INSERT INTO candidate (id, constituency_id, name, party, coalition) VALUES (483, 190, "Yazid Sahjinan", "IND", "IND");
INSERT INTO result (constituency_id, candidate_id, votes, votes_p, winner, majority) VALUES (190, 483, 914, 2.9, 0, 0);
INSERT INTO candidate (id, constituency_id, name, party, coalition) VALUES (484, 191, "Joseph Pairin Kitingan", "PBS", "BN");
INSERT INTO result (constituency_id, candidate_id, votes, votes_p, winner, majority) VALUES (191, 484, 15818, 43.8, 1, 3918);
INSERT INTO candidate (id, constituency_id, name, party, coalition) VALUES (485, 191, "Geoffrey Gapari Kitingan", "STAR", "STAR");
INSERT INTO result (constituency_id, candidate_id, votes, votes_p, winner, majority) VALUES (191, 485, 11900, 33.0, 0, 0);
INSERT INTO constituency (id, code, name, state_id, incumbent, eligible_voters, malay_voters, chinese_voters, indian_voters, others_voters, muslim_bumi_voters, non_muslim_bumi_voters, latitude, longitude) VALUES (191, "P180", "Keningau", 14, "Joseph Pairin Kitingan (BN-PBS)", 43691, 0, 10, 0, 0, 18, 70, 5.3374039, 116.1566801);
INSERT INTO stat (constituency_id, voter_turnout, voter_turnout_p, spoilt_votes, spoilt_votes_p) VALUES (191, 36098, 82.6, 555, 1.3);
INSERT INTO candidate (id, constituency_id, name, party, coalition) VALUES (486, 191, "Stephen Sandor", "PKR", "PR");
INSERT INTO result (constituency_id, candidate_id, votes, votes_p, winner, majority) VALUES (191, 486, 7825, 21.7, 0, 0);
INSERT INTO candidate (id, constituency_id, name, party, coalition) VALUES (487, 192, "Raime Unggi", "UMNO", "BN");
INSERT INTO result (constituency_id, candidate_id, votes, votes_p, winner, majority) VALUES (192, 487, 9771, 46.7, 1, 3886);
INSERT INTO candidate (id, constituency_id, name, party, coalition) VALUES (488, 192, "Masdin Tumas", "PKR", "PR");
INSERT INTO result (constituency_id, candidate_id, votes, votes_p, winner, majority) VALUES (192, 488, 5885, 28.1, 0, 0);
INSERT INTO constituency (id, code, name, state_id, incumbent, eligible_voters, malay_voters, chinese_voters, indian_voters, others_voters, muslim_bumi_voters, non_muslim_bumi_voters, latitude, longitude) VALUES (192, "P181", "Tenom", 14, "Raime Unggi (BN-UMNO)", 25304, 0, 12, 0, 0, 21, 66, 5.130495, 115.9454549);
INSERT INTO stat (constituency_id, voter_turnout, voter_turnout_p, spoilt_votes, spoilt_votes_p) VALUES (192, 20926, 82.7, 632, 2.5);
INSERT INTO candidate (id, constituency_id, name, party, coalition) VALUES (489, 192, "Hasmin Abdullah", "STAR", "STAR");
INSERT INTO result (constituency_id, candidate_id, votes, votes_p, winner, majority) VALUES (192, 489, 2449, 11.7, 0, 0);
INSERT INTO candidate (id, constituency_id, name, party, coalition) VALUES (490, 192, "Jaineh Juaya", "SAPP", "SAPP");
INSERT INTO result (constituency_id, candidate_id, votes, votes_p, winner, majority) VALUES (192, 490, 1766, 8.4, 0, 0);
INSERT INTO candidate (id, constituency_id, name, party, coalition) VALUES (491, 192, "Mutang Dawat", "KITA", "KITA");
INSERT INTO result (constituency_id, candidate_id, votes, votes_p, winner, majority) VALUES (192, 491, 423, 2.0, 0, 0);
INSERT INTO candidate (id, constituency_id, name, party, coalition) VALUES (492, 193, "Joseph Kurup", "PBRS", "BN");
INSERT INTO result (constituency_id, candidate_id, votes, votes_p, winner, majority) VALUES (193, 492, 9467, 44.3, 1, 1744);
INSERT INTO candidate (id, constituency_id, name, party, coalition) VALUES (493, 193, "Richard Sakian Gunting", "PKR", "PR");
INSERT INTO result (constituency_id, candidate_id, votes, votes_p, winner, majority) VALUES (193, 493, 7723, 36.1, 0, 0);
INSERT INTO constituency (id, code, name, state_id, incumbent, eligible_voters, malay_voters, chinese_voters, indian_voters, others_voters, muslim_bumi_voters, non_muslim_bumi_voters, latitude, longitude) VALUES (193, "P182", "Pensiangan", 14, "Joseph Kurup (BN-PBRS)", 26194, 0, 1, 0, 0, 12, 86, 4.544705, 116.311798);
INSERT INTO stat (constituency_id, voter_turnout, voter_turnout_p, spoilt_votes, spoilt_votes_p) VALUES (193, 21379, 81.6, 483, 1.8);
INSERT INTO candidate (id, constituency_id, name, party, coalition) VALUES (494, 193, "Martin Tomy", "STAR", "STAR");
INSERT INTO result (constituency_id, candidate_id, votes, votes_p, winner, majority) VALUES (193, 494, 3554, 16.6, 0, 0);
INSERT INTO candidate (id, constituency_id, name, party, coalition) VALUES (495, 193, "Fatimah Agitor", "IND", "IND");
INSERT INTO result (constituency_id, candidate_id, votes, votes_p, winner, majority) VALUES (193, 495, 152, 0.7, 0, 0);
INSERT INTO candidate (id, constituency_id, name, party, coalition) VALUES (496, 194, "Ronald Kiandee", "UMNO", "BN");
INSERT INTO result (constituency_id, candidate_id, votes, votes_p, winner, majority) VALUES (194, 496, 13174, 69.7, 1, 9988);
INSERT INTO candidate (id, constituency_id, name, party, coalition) VALUES (497, 194, "James Miki", "PKR", "PR");
INSERT INTO result (constituency_id, candidate_id, votes, votes_p, winner, majority) VALUES (194, 497, 3186, 16.8, 0, 0);
INSERT INTO constituency (id, code, name, state_id, incumbent, eligible_voters, malay_voters, chinese_voters, indian_voters, others_voters, muslim_bumi_voters, non_muslim_bumi_voters, latitude, longitude) VALUES (194, "P183", "Beluran", 14, "Ronald Kiandee (BN-UMNO)", 24688, 0, 0, 0, 3, 40, 56, 5.7250011, 117.4502157);
INSERT INTO stat (constituency_id, voter_turnout, voter_turnout_p, spoilt_votes, spoilt_votes_p) VALUES (194, 18914, 76.6, 552, 2.2);
INSERT INTO candidate (id, constituency_id, name, party, coalition) VALUES (498, 194, "Raimon Lanjat", "STAR", "STAR");
INSERT INTO result (constituency_id, candidate_id, votes, votes_p, winner, majority) VALUES (194, 498, 1460, 7.7, 0, 0);
INSERT INTO candidate (id, constituency_id, name, party, coalition) VALUES (499, 194, "Datu Kamaruddin Datu Mustapha", "IND", "IND");
INSERT INTO result (constituency_id, candidate_id, votes, votes_p, winner, majority) VALUES (194, 499, 542, 2.9, 0, 0);
INSERT INTO candidate (id, constituency_id, name, party, coalition) VALUES (500, 195, "Juslie Ajirol", "UMNO", "BN");
INSERT INTO result (constituency_id, candidate_id, votes, votes_p, winner, majority) VALUES (195, 500, 19584, 61.2, 1, 11586);
INSERT INTO candidate (id, constituency_id, name, party, coalition) VALUES (501, 195, "Mohd Serman Hassnar", "PKR", "PR");
INSERT INTO result (constituency_id, candidate_id, votes, votes_p, winner, majority) VALUES (195, 501, 7998, 25.0, 0, 0);
INSERT INTO constituency (id, code, name, state_id, incumbent, eligible_voters, malay_voters, chinese_voters, indian_voters, others_voters, muslim_bumi_voters, non_muslim_bumi_voters, latitude, longitude) VALUES (195, "P184", "Libaran", 14, "Juslie Ajirol (BN-UMNO)", 39772, 0, 21, 0, 0, 57, 15, 6.1150284, 118.0200726);
INSERT INTO stat (constituency_id, voter_turnout, voter_turnout_p, spoilt_votes, spoilt_votes_p) VALUES (195, 32017, 80.5, 714, 1.8);
INSERT INTO candidate (id, constituency_id, name, party, coalition) VALUES (502, 195, "Sahar Saka", "IND", "IND");
INSERT INTO result (constituency_id, candidate_id, votes, votes_p, winner, majority) VALUES (195, 502, 3219, 10.1, 0, 0);
INSERT INTO candidate (id, constituency_id, name, party, coalition) VALUES (503, 195, "Rosnah Unsari", "STAR", "STAR");
INSERT INTO result (constituency_id, candidate_id, votes, votes_p, winner, majority) VALUES (195, 503, 502, 1.6, 0, 0);
INSERT INTO candidate (id, constituency_id, name, party, coalition) VALUES (504, 196, "Linda Tsen Thau Lin", "PBS", "BN");
INSERT INTO result (constituency_id, candidate_id, votes, votes_p, winner, majority) VALUES (196, 504, 13085, 56.0, 1, 3798);
INSERT INTO candidate (id, constituency_id, name, party, coalition) VALUES (505, 196, "Hamza A Abdullah", "PAS", "PR");
INSERT INTO result (constituency_id, candidate_id, votes, votes_p, winner, majority) VALUES (196, 505, 9287, 39.8, 0, 0);
INSERT INTO constituency (id, code, name, state_id, incumbent, eligible_voters, malay_voters, chinese_voters, indian_voters, others_voters, muslim_bumi_voters, non_muslim_bumi_voters, latitude, longitude) VALUES (196, "P185", "Batu Sapi", 14, "Linda Tsen Thau Lin (BN-PBS)", 30199, 0, 33, 0, 0, 51, 8, 5.7966667, 118.0397222);
INSERT INTO stat (constituency_id, voter_turnout, voter_turnout_p, spoilt_votes, spoilt_votes_p) VALUES (196, 23356, 77.3, 574, 1.9);
INSERT INTO candidate (id, constituency_id, name, party, coalition) VALUES (506, 196, "Saiful Bahari Rashada Ahmad", "STAR", "STAR");
INSERT INTO result (constituency_id, candidate_id, votes, votes_p, winner, majority) VALUES (196, 506, 410, 1.8, 0, 0);
INSERT INTO candidate (id, constituency_id, name, party, coalition) VALUES (507, 197, "Wong Tien Fatt", "DAP", "PR");
INSERT INTO result (constituency_id, candidate_id, votes, votes_p, winner, majority) VALUES (197, 507, 14226, 51.0, 1, 1088);
INSERT INTO candidate (id, constituency_id, name, party, coalition) VALUES (508, 197, "Liew Vui Keong", "LDP", "BN");
INSERT INTO result (constituency_id, candidate_id, votes, votes_p, winner, majority) VALUES (197, 508, 13138, 47.1, 0, 0);
INSERT INTO constituency (id, code, name, state_id, incumbent, eligible_voters, malay_voters, chinese_voters, indian_voters, others_voters, muslim_bumi_voters, non_muslim_bumi_voters, latitude, longitude) VALUES (197, "P186", "Sandakan", 14, "Liew Vui Keong (BN-LDP)", 37058, 0, 53, 0, 0, 34, 8, 5.839444, 118.1171729);
INSERT INTO stat (constituency_id, voter_turnout, voter_turnout_p, spoilt_votes, spoilt_votes_p) VALUES (197, 27889, 75.3, 525, 1.4);
INSERT INTO candidate (id, constituency_id, name, party, coalition) VALUES (509, 198, "Bung Moktar Radin", "UMNO", "BN");
INSERT INTO result (constituency_id, candidate_id, votes, votes_p, winner, majority) VALUES (198, 509, 13377, 67.0, 1, 9731);
INSERT INTO candidate (id, constituency_id, name, party, coalition) VALUES (510, 198, "Abdullah Abdul Sani", "PKR", "PR");
INSERT INTO result (constituency_id, candidate_id, votes, votes_p, winner, majority) VALUES (198, 510, 3646, 18.3, 0, 0);
INSERT INTO constituency (id, code, name, state_id, incumbent, eligible_voters, malay_voters, chinese_voters, indian_voters, others_voters, muslim_bumi_voters, non_muslim_bumi_voters, latitude, longitude) VALUES (198, "P187", "Kinabatangan", 14, "Bung Moktar Radin (BN-UMNO)", 24748, 0, 0, 0, 6, 42, 52, 5.588394, 117.846005);
INSERT INTO stat (constituency_id, voter_turnout, voter_turnout_p, spoilt_votes, spoilt_votes_p) VALUES (198, 19960, 80.7, 654, 2.6);
INSERT INTO candidate (id, constituency_id, name, party, coalition) VALUES (511, 198, "Yambuya Parantis", "STAR", "STAR");
INSERT INTO result (constituency_id, candidate_id, votes, votes_p, winner, majority) VALUES (198, 511, 1153, 5.8, 0, 0);
INSERT INTO candidate (id, constituency_id, name, party, coalition) VALUES (512, 198, "Ali Latip Taha", "IND", "IND");
INSERT INTO result (constituency_id, candidate_id, votes, votes_p, winner, majority) VALUES (198, 512, 1130, 5.7, 0, 0);
INSERT INTO candidate (id, constituency_id, name, party, coalition) VALUES (513, 199, "Nasrun Mansur", "UMNO", "BN");
INSERT INTO result (constituency_id, candidate_id, votes, votes_p, winner, majority) VALUES (199, 513, 23058, 58.2, 1, 13387);
INSERT INTO candidate (id, constituency_id, name, party, coalition) VALUES (514, 199, "Badrulamin Bahron", "PKR", "PR");
INSERT INTO result (constituency_id, candidate_id, votes, votes_p, winner, majority) VALUES (199, 514, 9671, 24.4, 0, 0);
INSERT INTO constituency (id, code, name, state_id, incumbent, eligible_voters, malay_voters, chinese_voters, indian_voters, others_voters, muslim_bumi_voters, non_muslim_bumi_voters, latitude, longitude) VALUES (199, "P188", "Silam", 14, "Salleh Kalbi (BN-UMNO)", 51662, 0, 13, 0, 0, 64, 13, 4.9569444, 118.1655556);
INSERT INTO stat (constituency_id, voter_turnout, voter_turnout_p, spoilt_votes, spoilt_votes_p) VALUES (199, 39606, 76.7, 1077, 2.1);
INSERT INTO candidate (id, constituency_id, name, party, coalition) VALUES (515, 199, "Dumi Pg Masdal", "IND", "IND");
INSERT INTO result (constituency_id, candidate_id, votes, votes_p, winner, majority) VALUES (199, 515, 4959, 12.5, 0, 0);
INSERT INTO candidate (id, constituency_id, name, party, coalition) VALUES (516, 199, "Apas Saking", "STAR", "STAR");
INSERT INTO result (constituency_id, candidate_id, votes, votes_p, winner, majority) VALUES (199, 516, 841, 2.1, 0, 0);
INSERT INTO candidate (id, constituency_id, name, party, coalition) VALUES (517, 200, "Mohd Shafie Apdal", "UMNO", "BN");
INSERT INTO result (constituency_id, candidate_id, votes, votes_p, winner, majority) VALUES (200, 517, 25559, 81.1, 1, 20905);
INSERT INTO candidate (id, constituency_id, name, party, coalition) VALUES (518, 200, "Zamree Abdul Habi", "PKR", "PR");
INSERT INTO result (constituency_id, candidate_id, votes, votes_p, winner, majority) VALUES (200, 518, 4654, 14.8, 0, 0);
INSERT INTO constituency (id, code, name, state_id, incumbent, eligible_voters, malay_voters, chinese_voters, indian_voters, others_voters, muslim_bumi_voters, non_muslim_bumi_voters, latitude, longitude) VALUES (200, "P189", "Semporna", 14, "Mohd Shafie Apdal (BN-UMNO)", 41549, 0, 2, 0, 2, 96, 0, 4.479391, 118.611545);
INSERT INTO stat (constituency_id, voter_turnout, voter_turnout_p, spoilt_votes, spoilt_votes_p) VALUES (200, 31523, 75.9, 985, 2.4);
INSERT INTO candidate (id, constituency_id, name, party, coalition) VALUES (519, 200, "Badaruddin Mustapha", "IND", "IND");
INSERT INTO result (constituency_id, candidate_id, votes, votes_p, winner, majority) VALUES (200, 519, 325, 1.0, 0, 0);
INSERT INTO candidate (id, constituency_id, name, party, coalition) VALUES (520, 201, "Yap Kain Ching", "PBS", "BN");
INSERT INTO result (constituency_id, candidate_id, votes, votes_p, winner, majority) VALUES (201, 520, 21331, 53.8, 1, 4979);
INSERT INTO candidate (id, constituency_id, name, party, coalition) VALUES (521, 201, "Kong Hong Min", "PKR", "PR");
INSERT INTO result (constituency_id, candidate_id, votes, votes_p, winner, majority) VALUES (201, 521, 16352, 41.2, 0, 0);
INSERT INTO constituency (id, code, name, state_id, incumbent, eligible_voters, malay_voters, chinese_voters, indian_voters, others_voters, muslim_bumi_voters, non_muslim_bumi_voters, latitude, longitude) VALUES (201, "P190", "Tawau", 14, "Chua Soon Bui (SAPP)", 51538, 0, 38, 0, 8, 50, 0, 4.244651, 117.8911861);
INSERT INTO stat (constituency_id, voter_turnout, voter_turnout_p, spoilt_votes, spoilt_votes_p) VALUES (201, 39658, 76.9, 789, 1.5);
INSERT INTO candidate (id, constituency_id, name, party, coalition) VALUES (522, 201, "Chua Soon Bui", "SAPP", "SAPP");
INSERT INTO result (constituency_id, candidate_id, votes, votes_p, winner, majority) VALUES (201, 522, 633, 1.6, 0, 0);
INSERT INTO candidate (id, constituency_id, name, party, coalition) VALUES (523, 201, "Ahmad Awang", "IND", "IND");
INSERT INTO result (constituency_id, candidate_id, votes, votes_p, winner, majority) VALUES (201, 523, 553, 1.4, 0, 0);
INSERT INTO candidate (id, constituency_id, name, party, coalition) VALUES (524, 202, "Abdul Ghapur Salleh", "UMNO", "BN");
INSERT INTO result (constituency_id, candidate_id, votes, votes_p, winner, majority) VALUES (202, 524, 23125, 64.0, 1, 14221);
INSERT INTO candidate (id, constituency_id, name, party, coalition) VALUES (525, 202, "Usman Madeaming", "PAS", "PR");
INSERT INTO result (constituency_id, candidate_id, votes, votes_p, winner, majority) VALUES (202, 525, 8904, 24.6, 0, 0);
INSERT INTO constituency (id, code, name, state_id, incumbent, eligible_voters, malay_voters, chinese_voters, indian_voters, others_voters, muslim_bumi_voters, non_muslim_bumi_voters, latitude, longitude) VALUES (202, "P191", "Kalabakan", 14, "Abdul Ghapur Salleh (BN-UMNO)", 46793, 0, 11, 0, 12, 70, 0, 4.411679, 117.492699);
INSERT INTO stat (constituency_id, voter_turnout, voter_turnout_p, spoilt_votes, spoilt_votes_p) VALUES (202, 36132, 77.2, 1027, 2.2);
INSERT INTO candidate (id, constituency_id, name, party, coalition) VALUES (526, 202, "Mohd Manuke", "IND", "IND");
INSERT INTO result (constituency_id, candidate_id, votes, votes_p, winner, majority) VALUES (202, 526, 1313, 3.6, 0, 0);
INSERT INTO candidate (id, constituency_id, name, party, coalition) VALUES (527, 202, "Siamsir Borhan", "IND", "IND");
INSERT INTO result (constituency_id, candidate_id, votes, votes_p, winner, majority) VALUES (202, 527, 891, 2.5, 0, 0);
INSERT INTO candidate (id, constituency_id, name, party, coalition) VALUES (528, 202, "Malvine Reyes", "STAR", "STAR");
INSERT INTO result (constituency_id, candidate_id, votes, votes_p, winner, majority) VALUES (202, 528, 603, 1.7, 0, 0);
INSERT INTO candidate (id, constituency_id, name, party, coalition) VALUES (529, 202, "Freddie Japat Simbol", "IND", "IND");
INSERT INTO result (constituency_id, candidate_id, votes, votes_p, winner, majority) VALUES (202, 529, 137, 0.4, 0, 0);
INSERT INTO candidate (id, constituency_id, name, party, coalition) VALUES (530, 202, "Yahya Zainal", "IND", "IND");
INSERT INTO result (constituency_id, candidate_id, votes, votes_p, winner, majority) VALUES (202, 530, 132, 0.4, 0, 0);
INSERT INTO state (id, name) VALUES (15, "Sarawak");
INSERT INTO candidate (id, constituency_id, name, party, coalition) VALUES (531, 203, "Nogeh Gumbek", "SPDP", "BN");
INSERT INTO result (constituency_id, candidate_id, votes, votes_p, winner, majority) VALUES (203, 531, 8265, 40.6, 1, 2156);
INSERT INTO candidate (id, constituency_id, name, party, coalition) VALUES (532, 203, "Tiki Lafe", "IND", "IND");
INSERT INTO result (constituency_id, candidate_id, votes, votes_p, winner, majority) VALUES (203, 532, 6109, 30.0, 0, 0);
INSERT INTO constituency (id, code, name, state_id, incumbent, eligible_voters, malay_voters, chinese_voters, indian_voters, others_voters, muslim_bumi_voters, non_muslim_bumi_voters, latitude, longitude) VALUES (203, "P192", "Mas Gading", 15, "Tiki Lafe (BN-SPDP)", 25771, 0, 19, 0, 0, 13, 68, 1.4169247, 110.1562858);
INSERT INTO stat (constituency_id, voter_turnout, voter_turnout_p, spoilt_votes, spoilt_votes_p) VALUES (203, 20353, 79.0, 224, 0.9);
INSERT INTO candidate (id, constituency_id, name, party, coalition) VALUES (533, 203, "Mordi Bimol", "DAP", "PR");
INSERT INTO result (constituency_id, candidate_id, votes, votes_p, winner, majority) VALUES (203, 533, 5293, 26.0, 0, 0);
INSERT INTO candidate (id, constituency_id, name, party, coalition) VALUES (534, 203, "Patrick Anek Uren", "STAR", "STAR");
INSERT INTO result (constituency_id, candidate_id, votes, votes_p, winner, majority) VALUES (203, 534, 462, 2.3, 0, 0);
INSERT INTO candidate (id, constituency_id, name, party, coalition) VALUES (535, 204, "Wan Junaidi Tuanku Jaafar", "PBB", "BN");
INSERT INTO result (constituency_id, candidate_id, votes, votes_p, winner, majority) VALUES (204, 535, 24655, 84.4, 1, 20936);
INSERT INTO candidate (id, constituency_id, name, party, coalition) VALUES (536, 204, "Zulrusdi Mohamad Hoi", "PKR", "PR");
INSERT INTO result (constituency_id, candidate_id, votes, votes_p, winner, majority) VALUES (204, 536, 3719, 12.7, 0, 0);
INSERT INTO constituency (id, code, name, state_id, incumbent, eligible_voters, malay_voters, chinese_voters, indian_voters, others_voters, muslim_bumi_voters, non_muslim_bumi_voters, latitude, longitude) VALUES (204, "P193", "Santubong", 15, "Wan Junaidi Tuanku Jaafar (BN-PBB)", 37017, 0, 8, 0, 0, 83, 9, 1.67962, 110.339059);
INSERT INTO stat (constituency_id, voter_turnout, voter_turnout_p, spoilt_votes, spoilt_votes_p) VALUES (204, 29207, 78.9, 394, 1.1);
INSERT INTO candidate (id, constituency_id, name, party, coalition) VALUES (537, 204, "Affendi Jeman", "IND", "IND");
INSERT INTO result (constituency_id, candidate_id, votes, votes_p, winner, majority) VALUES (204, 537, 233, 0.8, 0, 0);
INSERT INTO candidate (id, constituency_id, name, party, coalition) VALUES (538, 204, "Mura Kadir", "STAR", "STAR");
INSERT INTO result (constituency_id, candidate_id, votes, votes_p, winner, majority) VALUES (204, 538, 206, 0.7, 0, 0);
INSERT INTO candidate (id, constituency_id, name, party, coalition) VALUES (539, 205, "Fadillah Yusof", "PBB", "BN");
INSERT INTO result (constituency_id, candidate_id, votes, votes_p, winner, majority) VALUES (205, 539, 29559, 77.8, 1, 21443);
INSERT INTO candidate (id, constituency_id, name, party, coalition) VALUES (540, 205, "Ahmad Nazib Johari", "PKR", "PR");
INSERT INTO result (constituency_id, candidate_id, votes, votes_p, winner, majority) VALUES (205, 540, 8116, 21.4, 0, 0);
INSERT INTO constituency (id, code, name, state_id, incumbent, eligible_voters, malay_voters, chinese_voters, indian_voters, others_voters, muslim_bumi_voters, non_muslim_bumi_voters, latitude, longitude) VALUES (205, "P194", "Petra Jaya", 15, "Fadillah Yusof (BN-PBB)", 49750, 0, 12, 0, 0, 79, 8, 1.596836, 110.333273);
INSERT INTO stat (constituency_id, voter_turnout, voter_turnout_p, spoilt_votes, spoilt_votes_p) VALUES (205, 37996, 76.4, 321, 0.6);
INSERT INTO candidate (id, constituency_id, name, party, coalition) VALUES (541, 206, "Chong Chieng Jen", "DAP", "PR");
INSERT INTO result (constituency_id, candidate_id, votes, votes_p, winner, majority) VALUES (206, 541, 30133, 73.8, 1, 19642);
INSERT INTO candidate (id, constituency_id, name, party, coalition) VALUES (542, 206, "Tan Kai", "SUPP", "BN");
INSERT INTO result (constituency_id, candidate_id, votes, votes_p, winner, majority) VALUES (206, 542, 10491, 25.7, 0, 0);
INSERT INTO constituency (id, code, name, state_id, incumbent, eligible_voters, malay_voters, chinese_voters, indian_voters, others_voters, muslim_bumi_voters, non_muslim_bumi_voters, latitude, longitude) VALUES (206, "P195", "Bandar Kuching", 15, "Chong Chieng Jen (PR-DAP)", 53336, 0, 91, 0, 0, 5, 3, 1.537776, 110.3664806);
INSERT INTO stat (constituency_id, voter_turnout, voter_turnout_p, spoilt_votes, spoilt_votes_p) VALUES (206, 40825, 76.5, 201, 0.4);
INSERT INTO candidate (id, constituency_id, name, party, coalition) VALUES (543, 207, "Julian Tan Kok Ping", "DAP", "PR");
INSERT INTO result (constituency_id, candidate_id, votes, votes_p, winner, majority) VALUES (207, 543, 41663, 63.7, 1, 18670);
INSERT INTO candidate (id, constituency_id, name, party, coalition) VALUES (544, 207, "Yong Khoon Seng", "SUPP", "BN");
INSERT INTO result (constituency_id, candidate_id, votes, votes_p, winner, majority) VALUES (207, 544, 22993, 35.2, 0, 0);
INSERT INTO constituency (id, code, name, state_id, incumbent, eligible_voters, malay_voters, chinese_voters, indian_voters, others_voters, muslim_bumi_voters, non_muslim_bumi_voters, latitude, longitude) VALUES (207, "P196", "Stampin", 15, "Yong Khoon Seng (BN-SUPP)", 84732, 0, 73, 0, 0, 13, 13, 1.5173177, 110.3481367);
INSERT INTO stat (constituency_id, voter_turnout, voter_turnout_p, spoilt_votes, spoilt_votes_p) VALUES (207, 65383, 77.2, 488, 0.6);
INSERT INTO candidate (id, constituency_id, name, party, coalition) VALUES (545, 207, "Soo Lina", "STAR", "STAR");
INSERT INTO result (constituency_id, candidate_id, votes, votes_p, winner, majority) VALUES (207, 545, 239, 0.4, 0, 0);
INSERT INTO candidate (id, constituency_id, name, party, coalition) VALUES (546, 208, "Rubiah Wang", "PBB", "BN");
INSERT INTO result (constituency_id, candidate_id, votes, votes_p, winner, majority) VALUES (208, 546, 24202, 76.8, 1, 17401);
INSERT INTO candidate (id, constituency_id, name, party, coalition) VALUES (547, 208, "Abang Ahmad Kerdee Abang Masagus", "PAS", "PR");
INSERT INTO result (constituency_id, candidate_id, votes, votes_p, winner, majority) VALUES (208, 547, 6801, 21.6, 0, 0);
INSERT INTO constituency (id, code, name, state_id, incumbent, eligible_voters, malay_voters, chinese_voters, indian_voters, others_voters, muslim_bumi_voters, non_muslim_bumi_voters, latitude, longitude) VALUES (208, "P197", "Kota Samarahan", 15, "Sulaiman Abdul Rahman Taib (BN-PBB)", 38158, 0, 12, 0, 0, 65, 22, 1.459921, 110.488266);
INSERT INTO stat (constituency_id, voter_turnout, voter_turnout_p, spoilt_votes, spoilt_votes_p) VALUES (208, 31531, 82.6, 528, 1.4);
INSERT INTO candidate (id, constituency_id, name, party, coalition) VALUES (548, 209, "James Dawos Mamit", "PBB", "BN");
INSERT INTO result (constituency_id, candidate_id, votes, votes_p, winner, majority) VALUES (209, 548, 20461, 62.8, 1, 9721);
INSERT INTO candidate (id, constituency_id, name, party, coalition) VALUES (549, 209, "Willie Mongin", "PKR", "PR");
INSERT INTO result (constituency_id, candidate_id, votes, votes_p, winner, majority) VALUES (209, 549, 10740, 33.0, 0, 0);
INSERT INTO constituency (id, code, name, state_id, incumbent, eligible_voters, malay_voters, chinese_voters, indian_voters, others_voters, muslim_bumi_voters, non_muslim_bumi_voters, latitude, longitude) VALUES (209, "P198", "Mambong", 15, "James Dawos Mamit (BN-PBB)", 42344, 0, 27, 0, 0, 12, 61, 5.85, 100.6333333);
INSERT INTO stat (constituency_id, voter_turnout, voter_turnout_p, spoilt_votes, spoilt_votes_p) VALUES (209, 32579, 76.9, 674, 1.6);
INSERT INTO candidate (id, constituency_id, name, party, coalition) VALUES (550, 209, "Dripin Sakoi", "STAR", "STAR");
INSERT INTO result (constituency_id, candidate_id, votes, votes_p, winner, majority) VALUES (209, 550, 704, 2.2, 0, 0);
INSERT INTO candidate (id, constituency_id, name, party, coalition) VALUES (551, 210, "Richard Riot Jaem", "SUPP", "BN");
INSERT INTO result (constituency_id, candidate_id, votes, votes_p, winner, majority) VALUES (210, 551, 19494, 73.5, 1, 13151);
INSERT INTO candidate (id, constituency_id, name, party, coalition) VALUES (552, 210, "Edward Andrew Luwak", "DAP", "PR");
INSERT INTO result (constituency_id, candidate_id, votes, votes_p, winner, majority) VALUES (210, 552, 6343, 23.9, 0, 0);
INSERT INTO constituency (id, code, name, state_id, incumbent, eligible_voters, malay_voters, chinese_voters, indian_voters, others_voters, muslim_bumi_voters, non_muslim_bumi_voters, latitude, longitude) VALUES (210, "P199", "Serian", 15, "Richard Riot Jaem (BN-SUPP)", 33713, 0, 11, 0, 0, 15, 75, 1.167035, 110.5665059);
INSERT INTO stat (constituency_id, voter_turnout, voter_turnout_p, spoilt_votes, spoilt_votes_p) VALUES (210, 26523, 78.7, 296, 0.9);
INSERT INTO candidate (id, constituency_id, name, party, coalition) VALUES (553, 210, "Johnny Anak Aput", "STAR", "STAR");
INSERT INTO result (constituency_id, candidate_id, votes, votes_p, winner, majority) VALUES (210, 553, 390, 1.5, 0, 0);
INSERT INTO candidate (id, constituency_id, name, party, coalition) VALUES (554, 211, "Nancy Shukri", "PBB", "BN");
INSERT INTO result (constituency_id, candidate_id, votes, votes_p, winner, majority) VALUES (211, 554, 13277, 85.5, 1, 11260);
INSERT INTO candidate (id, constituency_id, name, party, coalition) VALUES (555, 211, "Mohamad Jolhi", "PAS", "PR");
INSERT INTO result (constituency_id, candidate_id, votes, votes_p, winner, majority) VALUES (211, 555, 2017, 13.0, 0, 0);
INSERT INTO constituency (id, code, name, state_id, incumbent, eligible_voters, malay_voters, chinese_voters, indian_voters, others_voters, muslim_bumi_voters, non_muslim_bumi_voters, latitude, longitude) VALUES (211, "P200", "Batang Sadong", 15, "Nancy Shukri (BN-PBB)", 19839, 0, 6, 0, 0, 74, 21, 1.158326, 110.570571);
INSERT INTO stat (constituency_id, voter_turnout, voter_turnout_p, spoilt_votes, spoilt_votes_p) VALUES (211, 15521, 78.2, 227, 1.1);
INSERT INTO candidate (id, constituency_id, name, party, coalition) VALUES (556, 212, "Rohani Abdul Karim", "PBB", "BN");
INSERT INTO result (constituency_id, candidate_id, votes, votes_p, winner, majority) VALUES (212, 556, 15625, 75.4, 1, 10964);
INSERT INTO candidate (id, constituency_id, name, party, coalition) VALUES (557, 212, "Abang Zulkifli Abang Engkeh", "PKR", "PR");
INSERT INTO result (constituency_id, candidate_id, votes, votes_p, winner, majority) VALUES (212, 557, 4661, 22.5, 0, 0);
INSERT INTO constituency (id, code, name, state_id, incumbent, eligible_voters, malay_voters, chinese_voters, indian_voters, others_voters, muslim_bumi_voters, non_muslim_bumi_voters, latitude, longitude) VALUES (212, "P201", "Batang Lupar", 15, "Rohani Abdul Karim (BN-PBB)", 27360, 0, 3, 0, 0, 77, 20, 1.40985, 111.1056539);
INSERT INTO stat (constituency_id, voter_turnout, voter_turnout_p, spoilt_votes, spoilt_votes_p) VALUES (212, 20711, 75.7, 425, 1.6);
INSERT INTO candidate (id, constituency_id, name, party, coalition) VALUES (558, 213, "Masir Kujat", "PRS", "BN");
INSERT INTO result (constituency_id, candidate_id, votes, votes_p, winner, majority) VALUES (213, 558, 12168, 54.4, 1, 6550);
INSERT INTO candidate (id, constituency_id, name, party, coalition) VALUES (559, 213, "Nicholas Mujah Ason", "PKR", "PR");
INSERT INTO result (constituency_id, candidate_id, votes, votes_p, winner, majority) VALUES (213, 559, 5618, 25.1, 0, 0);
INSERT INTO constituency (id, code, name, state_id, incumbent, eligible_voters, malay_voters, chinese_voters, indian_voters, others_voters, muslim_bumi_voters, non_muslim_bumi_voters, latitude, longitude) VALUES (213, "P202", "Sri Aman", 15, "Masir Kujat (BN-PRS)", 29789, 0, 17, 0, 0, 20, 63, 1.237031, 111.462079);
INSERT INTO stat (constituency_id, voter_turnout, voter_turnout_p, spoilt_votes, spoilt_votes_p) VALUES (213, 22353, 75.0, 224, 0.8);
INSERT INTO candidate (id, constituency_id, name, party, coalition) VALUES (560, 213, "Donald Lawan", "IND", "IND");
INSERT INTO result (constituency_id, candidate_id, votes, votes_p, winner, majority) VALUES (213, 560, 3867, 17.3, 0, 0);
INSERT INTO candidate (id, constituency_id, name, party, coalition) VALUES (561, 213, "Wilfred Stephen", "SWP", "SWP");
INSERT INTO result (constituency_id, candidate_id, votes, votes_p, winner, majority) VALUES (213, 561, 476, 2.1, 0, 0);
INSERT INTO candidate (id, constituency_id, name, party, coalition) VALUES (562, 214, "William Nyallau Badak", "PRS", "BN");
INSERT INTO result (constituency_id, candidate_id, votes, votes_p, winner, majority) VALUES (214, 562, 8278, 54.7, 1, 4091);
INSERT INTO candidate (id, constituency_id, name, party, coalition) VALUES (563, 214, "Larry Soon @ Larry Sng Wei Shien", "SWP", "SWP");
INSERT INTO result (constituency_id, candidate_id, votes, votes_p, winner, majority) VALUES (214, 563, 4187, 27.7, 0, 0);
INSERT INTO constituency (id, code, name, state_id, incumbent, eligible_voters, malay_voters, chinese_voters, indian_voters, others_voters, muslim_bumi_voters, non_muslim_bumi_voters, latitude, longitude) VALUES (214, "P203", "Lubok Antu", 15, "William Nyallau Badak (BN-PRS)", 19303, 0, 8, 0, 0, 18, 74, 1.043355, 111.8535959);
INSERT INTO stat (constituency_id, voter_turnout, voter_turnout_p, spoilt_votes, spoilt_votes_p) VALUES (214, 15138, 78.4, 143, 0.7);
INSERT INTO candidate (id, constituency_id, name, party, coalition) VALUES (564, 214, "Nicholas Bawin Anggat", "PKR", "PR");
INSERT INTO result (constituency_id, candidate_id, votes, votes_p, winner, majority) VALUES (214, 564, 2530, 16.7, 0, 0);
INSERT INTO candidate (id, constituency_id, name, party, coalition) VALUES (565, 215, "Douglas Uggah Embas", "PBB", "BN");
INSERT INTO result (constituency_id, candidate_id, votes, votes_p, winner, majority) VALUES (215, 565, 15476, 75.9, 1, 10887);
INSERT INTO candidate (id, constituency_id, name, party, coalition) VALUES (566, 215, "Cecilia Siti Una @ Sittie Endek", "PKR", "PR");
INSERT INTO result (constituency_id, candidate_id, votes, votes_p, winner, majority) VALUES (215, 566, 4589, 22.5, 0, 0);
INSERT INTO constituency (id, code, name, state_id, incumbent, eligible_voters, malay_voters, chinese_voters, indian_voters, others_voters, muslim_bumi_voters, non_muslim_bumi_voters, latitude, longitude) VALUES (215, "P204", "Betong", 15, "Douglas Uggah Embas (BN-PBB)", 26322, 0, 7, 0, 0, 50, 43, 1.411517, 111.528999);
INSERT INTO stat (constituency_id, voter_turnout, voter_turnout_p, spoilt_votes, spoilt_votes_p) VALUES (215, 20380, 77.4, 315, 1.2);
INSERT INTO candidate (id, constituency_id, name, party, coalition) VALUES (567, 216, "William Ikom", "SPDP", "BN");
INSERT INTO result (constituency_id, candidate_id, votes, votes_p, winner, majority) VALUES (216, 567, 11600, 52.6, 1, 2081);
INSERT INTO candidate (id, constituency_id, name, party, coalition) VALUES (568, 216, "Ali Biju", "PKR", "PR");
INSERT INTO result (constituency_id, candidate_id, votes, votes_p, winner, majority) VALUES (216, 568, 9519, 43.2, 0, 0);
INSERT INTO constituency (id, code, name, state_id, incumbent, eligible_voters, malay_voters, chinese_voters, indian_voters, others_voters, muslim_bumi_voters, non_muslim_bumi_voters, latitude, longitude) VALUES (216, "P205", "Saratok", 15, "Jelaing Mersat (BN-SPDP)", 27562, 0, 7, 0, 0, 44, 49, 1.738795, 111.3378401);
INSERT INTO stat (constituency_id, voter_turnout, voter_turnout_p, spoilt_votes, spoilt_votes_p) VALUES (216, 22058, 80.0, 258, 0.9);
INSERT INTO candidate (id, constituency_id, name, party, coalition) VALUES (569, 216, "Rosli Bin Lek @ Abg Roselie bin Abg Paleng", "IND", "IND");
INSERT INTO result (constituency_id, candidate_id, votes, votes_p, winner, majority) VALUES (216, 569, 681, 3.1, 0, 0);
INSERT INTO candidate (id, constituency_id, name, party, coalition) VALUES (570, 217, "Norah Abdul Rahman", "PBB", "BN");
INSERT INTO result (constituency_id, candidate_id, votes, votes_p, winner, majority) VALUES (217, 570, 12535, 87.4, 1, 10964);
INSERT INTO candidate (id, constituency_id, name, party, coalition) VALUES (571, 217, "Jurina Mut", "PAS", "PR");
INSERT INTO result (constituency_id, candidate_id, votes, votes_p, winner, majority) VALUES (217, 571, 1571, 11.0, 0, 0);
INSERT INTO constituency (id, code, name, state_id, incumbent, eligible_voters, malay_voters, chinese_voters, indian_voters, others_voters, muslim_bumi_voters, non_muslim_bumi_voters, latitude, longitude) VALUES (217, "P206", "Tanjong Manis", 15, "Norah Abdul Rahman (BN-PBB)", 19215, 0, 5, 0, 0, 74, 20, 2.1772059, 111.2017835);
INSERT INTO stat (constituency_id, voter_turnout, voter_turnout_p, spoilt_votes, spoilt_votes_p) VALUES (217, 14344, 74.7, 238, 1.2);
INSERT INTO candidate (id, constituency_id, name, party, coalition) VALUES (572, 218, "Wahab Dolah", "PBB", "BN");
INSERT INTO result (constituency_id, candidate_id, votes, votes_p, winner, majority) VALUES (218, 572, 11896, 85.8, 1, 10149);
INSERT INTO candidate (id, constituency_id, name, party, coalition) VALUES (573, 218, "Ajiji Fauzan", "PAS", "PR");
INSERT INTO result (constituency_id, candidate_id, votes, votes_p, winner, majority) VALUES (218, 573, 1747, 12.6, 0, 0);
INSERT INTO constituency (id, code, name, state_id, incumbent, eligible_voters, malay_voters, chinese_voters, indian_voters, others_voters, muslim_bumi_voters, non_muslim_bumi_voters, latitude, longitude) VALUES (218, "P207", "Igan", 15, "Wahab Dolah (BN-PBB)", 17771, 0, 4, 0, 0, 81, 15, 2.821251, 111.7092451);
INSERT INTO stat (constituency_id, voter_turnout, voter_turnout_p, spoilt_votes, spoilt_votes_p) VALUES (218, 13865, 78.0, 222, 1.2);
INSERT INTO candidate (id, constituency_id, name, party, coalition) VALUES (574, 219, "Wong Ling Biu", "DAP", "PR");
INSERT INTO result (constituency_id, candidate_id, votes, votes_p, winner, majority) VALUES (219, 574, 14263, 50.4, 1, 505);
INSERT INTO candidate (id, constituency_id, name, party, coalition) VALUES (575, 219, "Ding Kuong Hiing", "SUPP", "BN");
INSERT INTO result (constituency_id, candidate_id, votes, votes_p, winner, majority) VALUES (219, 575, 13758, 48.6, 0, 0);
INSERT INTO constituency (id, code, name, state_id, incumbent, eligible_voters, malay_voters, chinese_voters, indian_voters, others_voters, muslim_bumi_voters, non_muslim_bumi_voters, latitude, longitude) VALUES (219, "P208", "Sarikei", 15, "Ding Kuong Hiing (BN-SUPP)", 36550, 0, 66, 0, 0, 11, 23, 2.131703, 111.5237279);
INSERT INTO stat (constituency_id, voter_turnout, voter_turnout_p, spoilt_votes, spoilt_votes_p) VALUES (219, 28298, 77.4, 277, 0.8);
INSERT INTO candidate (id, constituency_id, name, party, coalition) VALUES (576, 220, "Joseph Salang Gandum", "PRS", "BN");
INSERT INTO result (constituency_id, candidate_id, votes, votes_p, winner, majority) VALUES (220, 576, 9891, 58.3, 1, 5955);
INSERT INTO candidate (id, constituency_id, name, party, coalition) VALUES (577, 220, "Wong Judat", "SWP", "SWP");
INSERT INTO result (constituency_id, candidate_id, votes, votes_p, winner, majority) VALUES (220, 577, 3936, 23.2, 0, 0);
INSERT INTO constituency (id, code, name, state_id, incumbent, eligible_voters, malay_voters, chinese_voters, indian_voters, others_voters, muslim_bumi_voters, non_muslim_bumi_voters, latitude, longitude) VALUES (220, "P209", "Julau", 15, "Joseph Salang Gandum (BN-PRS)", 22522, 0, 5, 0, 0, 12, 83, 2.024275, 111.9166088);
INSERT INTO stat (constituency_id, voter_turnout, voter_turnout_p, spoilt_votes, spoilt_votes_p) VALUES (220, 16957, 75.3, 278, 1.2);
INSERT INTO candidate (id, constituency_id, name, party, coalition) VALUES (578, 220, "Wong Hong Yu", "PKR", "PR");
INSERT INTO result (constituency_id, candidate_id, votes, votes_p, winner, majority) VALUES (220, 578, 2852, 16.8, 0, 0);
INSERT INTO candidate (id, constituency_id, name, party, coalition) VALUES (579, 221, "Aaron Ago Dagang", "PRS", "BN");
INSERT INTO result (constituency_id, candidate_id, votes, votes_p, winner, majority) VALUES (221, 579, 8046, 58.5, 1, 3042);
INSERT INTO candidate (id, constituency_id, name, party, coalition) VALUES (580, 221, "Thomas Laja Besi", "PKR", "PR");
INSERT INTO result (constituency_id, candidate_id, votes, votes_p, winner, majority) VALUES (221, 580, 5004, 36.4, 0, 0);
INSERT INTO constituency (id, code, name, state_id, incumbent, eligible_voters, malay_voters, chinese_voters, indian_voters, others_voters, muslim_bumi_voters, non_muslim_bumi_voters, latitude, longitude) VALUES (221, "P210", "Kanowit", 15, "Aaron Ago Dagang (BN-PRS)", 19433, 0, 12, 0, 0, 16, 72, 2.101223, 112.153298);
INSERT INTO stat (constituency_id, voter_turnout, voter_turnout_p, spoilt_votes, spoilt_votes_p) VALUES (221, 13743, 70.7, 276, 1.4);
INSERT INTO candidate (id, constituency_id, name, party, coalition) VALUES (581, 221, "Ellison Ludan Anak Mu", "SWP", "SWP");
INSERT INTO result (constituency_id, candidate_id, votes, votes_p, winner, majority) VALUES (221, 581, 417, 3.0, 0, 0);
INSERT INTO candidate (id, constituency_id, name, party, coalition) VALUES (582, 222, "Alice Lau Kiong Yieng", "DAP", "PR");
INSERT INTO result (constituency_id, candidate_id, votes, votes_p, winner, majority) VALUES (222, 582, 26613, 59.3, 1, 8630);
INSERT INTO candidate (id, constituency_id, name, party, coalition) VALUES (583, 222, "Tiong Thai King", "SUPP", "BN");
INSERT INTO result (constituency_id, candidate_id, votes, votes_p, winner, majority) VALUES (222, 583, 17983, 40.1, 0, 0);
INSERT INTO constituency (id, code, name, state_id, incumbent, eligible_voters, malay_voters, chinese_voters, indian_voters, others_voters, muslim_bumi_voters, non_muslim_bumi_voters, latitude, longitude) VALUES (222, "P211", "Lanang", 15, "Tiong Thai King (BN-SUPP)", 57143, 0, 72, 0, 0, 10, 18, 2.2683997, 111.8445526);
INSERT INTO stat (constituency_id, voter_turnout, voter_turnout_p, spoilt_votes, spoilt_votes_p) VALUES (222, 44900, 78.6, 304, 0.5);
INSERT INTO candidate (id, constituency_id, name, party, coalition) VALUES (584, 223, "Oscar Ling Chai Yew", "DAP", "PR");
INSERT INTO result (constituency_id, candidate_id, votes, votes_p, winner, majority) VALUES (223, 584, 26808, 52.1, 1, 2841);
INSERT INTO candidate (id, constituency_id, name, party, coalition) VALUES (585, 223, "Lau Lee Ming", "SUPP", "BN");
INSERT INTO result (constituency_id, candidate_id, votes, votes_p, winner, majority) VALUES (223, 585, 23967, 46.6, 0, 0);
INSERT INTO constituency (id, code, name, state_id, incumbent, eligible_voters, malay_voters, chinese_voters, indian_voters, others_voters, muslim_bumi_voters, non_muslim_bumi_voters, latitude, longitude) VALUES (223, "P212", "Sibu", 15, "Wong Ho Leng (PR-DAP)", 64601, 0, 65, 0, 0, 20, 15, 2.287284, 111.830535);
INSERT INTO stat (constituency_id, voter_turnout, voter_turnout_p, spoilt_votes, spoilt_votes_p) VALUES (223, 51474, 79.7, 496, 0.8);
INSERT INTO candidate (id, constituency_id, name, party, coalition) VALUES (586, 223, "Narawi Haron", "IND", "IND");
INSERT INTO result (constituency_id, candidate_id, votes, votes_p, winner, majority) VALUES (223, 586, 203, 0.4, 0, 0);
INSERT INTO candidate (id, constituency_id, name, party, coalition) VALUES (587, 224, "Leo Michael Toyad", "PBB", "BN");
INSERT INTO result (constituency_id, candidate_id, votes, votes_p, winner, majority) VALUES (224, 587, 14983, 75.5, 1, 12764);
INSERT INTO candidate (id, constituency_id, name, party, coalition) VALUES (588, 224, "Hai Bin Merawin @ Bonaventure", "DAP", "PR");
INSERT INTO result (constituency_id, candidate_id, votes, votes_p, winner, majority) VALUES (224, 588, 2219, 11.2, 0, 0);
INSERT INTO constituency (id, code, name, state_id, incumbent, eligible_voters, malay_voters, chinese_voters, indian_voters, others_voters, muslim_bumi_voters, non_muslim_bumi_voters, latitude, longitude) VALUES (224, "P213", "Mukah", 15, "Leo Michael Toyad (BN-PBB)", 26477, 0, 10, 0, 0, 75, 16, 2.899697, 112.093447);
INSERT INTO stat (constituency_id, voter_turnout, voter_turnout_p, spoilt_votes, spoilt_votes_p) VALUES (224, 19838, 74.9, 417, 1.6);
INSERT INTO candidate (id, constituency_id, name, party, coalition) VALUES (589, 224, "Sylvester Ajah Subah @ Ajah Bin Subah", "IND", "IND");
INSERT INTO result (constituency_id, candidate_id, votes, votes_p, winner, majority) VALUES (224, 589, 2219, 11.2, 0, 0);
INSERT INTO candidate (id, constituency_id, name, party, coalition) VALUES (590, 225, "Joseph Entulu Belaun", "PRS", "BN");
INSERT INTO result (constituency_id, candidate_id, votes, votes_p, winner, majority) VALUES (225, 590, 12040, 58.1, 1, 7555);
INSERT INTO candidate (id, constituency_id, name, party, coalition) VALUES (591, 225, "Sng Chee Hua", "SWP", "SWP");
INSERT INTO result (constituency_id, candidate_id, votes, votes_p, winner, majority) VALUES (225, 591, 4485, 21.6, 0, 0);
INSERT INTO constituency (id, code, name, state_id, incumbent, eligible_voters, malay_voters, chinese_voters, indian_voters, others_voters, muslim_bumi_voters, non_muslim_bumi_voters, latitude, longitude) VALUES (225, "P214", "Selangau", 15, "Joseph Entulu Belaun (BN-PRS)", 25461, 0, 4, 0, 0, 13, 83, 2.523943, 112.3253201);
INSERT INTO stat (constituency_id, voter_turnout, voter_turnout_p, spoilt_votes, spoilt_votes_p) VALUES (225, 20725, 81.4, 309, 1.2);
INSERT INTO candidate (id, constituency_id, name, party, coalition) VALUES (592, 225, "Joshua Anak Jabing @ Joshua Jabeng", "PKR", "PR");
INSERT INTO result (constituency_id, candidate_id, votes, votes_p, winner, majority) VALUES (225, 592, 3891, 18.8, 0, 0);
INSERT INTO candidate (id, constituency_id, name, party, coalition) VALUES (593, 226, "Alexander Nanta Linggi", "PBB", "BN");
INSERT INTO result (constituency_id, candidate_id, votes, votes_p, winner, majority) VALUES (226, 593, 13446, 77.1, 1, 9731);
INSERT INTO candidate (id, constituency_id, name, party, coalition) VALUES (594, 226, "Ramli Malaka", "DAP", "PR");
INSERT INTO result (constituency_id, candidate_id, votes, votes_p, winner, majority) VALUES (226, 594, 3715, 21.3, 0, 0);
INSERT INTO constituency (id, code, name, state_id, incumbent, eligible_voters, malay_voters, chinese_voters, indian_voters, others_voters, muslim_bumi_voters, non_muslim_bumi_voters, latitude, longitude) VALUES (226, "P215", "Kapit", 15, "Alexander Nanta Linggi (BN-PBB)", 26195, 0, 10, 0, 0, 22, 68, 1.995115, 112.933085);
INSERT INTO stat (constituency_id, voter_turnout, voter_turnout_p, spoilt_votes, spoilt_votes_p) VALUES (226, 17432, 66.5, 271, 1.0);
INSERT INTO candidate (id, constituency_id, name, party, coalition) VALUES (595, 227, "Ugak Kumbong", "PRS", "BN");
INSERT INTO result (constituency_id, candidate_id, votes, votes_p, winner, majority) VALUES (227, 595, 9117, 61.8, 1, 5834);
INSERT INTO candidate (id, constituency_id, name, party, coalition) VALUES (596, 227, "Abun Sui Anyit", "PKR", "PR");
INSERT INTO result (constituency_id, candidate_id, votes, votes_p, winner, majority) VALUES (227, 596, 3283, 22.3, 0, 0);
INSERT INTO constituency (id, code, name, state_id, incumbent, eligible_voters, malay_voters, chinese_voters, indian_voters, others_voters, muslim_bumi_voters, non_muslim_bumi_voters, latitude, longitude) VALUES (227, "P216", "Hulu Rajang", 15, "Billy Abit Joo (BN-PRS)", 21686, 0, 0, 0, 2, 20, 77, 3.1898608, 101.7304222);
INSERT INTO stat (constituency_id, voter_turnout, voter_turnout_p, spoilt_votes, spoilt_votes_p) VALUES (227, 14742, 68.0, 213, 1.0);
INSERT INTO candidate (id, constituency_id, name, party, coalition) VALUES (597, 227, "George Anak Lagong", "SWP", "SWP");
INSERT INTO result (constituency_id, candidate_id, votes, votes_p, winner, majority) VALUES (227, 597, 2129, 14.4, 0, 0);
INSERT INTO candidate (id, constituency_id, name, party, coalition) VALUES (598, 228, "Tiong King Sing", "SPDP", "BN");
INSERT INTO result (constituency_id, candidate_id, votes, votes_p, winner, majority) VALUES (228, 598, 26458, 57.6, 1, 7433);
INSERT INTO candidate (id, constituency_id, name, party, coalition) VALUES (599, 228, "John Brian Anthony Anak Jeremy Guang", "DAP", "PR");
INSERT INTO result (constituency_id, candidate_id, votes, votes_p, winner, majority) VALUES (228, 599, 19025, 41.4, 0, 0);
INSERT INTO constituency (id, code, name, state_id, incumbent, eligible_voters, malay_voters, chinese_voters, indian_voters, others_voters, muslim_bumi_voters, non_muslim_bumi_voters, latitude, longitude) VALUES (228, "P217", "Bintulu", 15, "Tiong King Sing (BN-SPDP)", 59893, 0, 28, 0, 0, 29, 44, 3.171322, 113.0419069);
INSERT INTO stat (constituency_id, voter_turnout, voter_turnout_p, spoilt_votes, spoilt_votes_p) VALUES (228, 45941, 76.7, 458, 0.8);
INSERT INTO candidate (id, constituency_id, name, party, coalition) VALUES (600, 229, "Ahmad Lai Bujang", "PBB", "BN");
INSERT INTO result (constituency_id, candidate_id, votes, votes_p, winner, majority) VALUES (229, 600, 13348, 63.8, 1, 6066);
INSERT INTO candidate (id, constituency_id, name, party, coalition) VALUES (601, 229, "Muhammad Zaid Tandang", "PAS", "PR");
INSERT INTO result (constituency_id, candidate_id, votes, votes_p, winner, majority) VALUES (229, 601, 7282, 34.8, 0, 0);
INSERT INTO constituency (id, code, name, state_id, incumbent, eligible_voters, malay_voters, chinese_voters, indian_voters, others_voters, muslim_bumi_voters, non_muslim_bumi_voters, latitude, longitude) VALUES (229, "P218", "Sibuti", 15, "Ahmad Lai Bujang (BN-PBB)", 28351, 0, 22, 0, 0, 33, 44, 4.045211, 113.799896);
INSERT INTO stat (constituency_id, voter_turnout, voter_turnout_p, spoilt_votes, spoilt_votes_p) VALUES (229, 20918, 73.8, 288, 1.0);
INSERT INTO candidate (id, constituency_id, name, party, coalition) VALUES (602, 230, "Michael Teo Yu Keng", "PKR", "PR");
INSERT INTO result (constituency_id, candidate_id, votes, votes_p, winner, majority) VALUES (230, 602, 26909, 51.0, 1, 1992);
INSERT INTO candidate (id, constituency_id, name, party, coalition) VALUES (603, 230, "Sebastian Ting Chiew Yew", "SUPP", "BN");
INSERT INTO result (constituency_id, candidate_id, votes, votes_p, winner, majority) VALUES (230, 603, 24917, 47.2, 0, 0);
INSERT INTO constituency (id, code, name, state_id, incumbent, eligible_voters, malay_voters, chinese_voters, indian_voters, others_voters, muslim_bumi_voters, non_muslim_bumi_voters, latitude, longitude) VALUES (230, "P219", "Miri", 15, "Peter Chin Fah Kui (BN-SUPP)", 71170, 0, 57, 0, 0, 26, 17, 4.399493, 113.9913832);
INSERT INTO stat (constituency_id, voter_turnout, voter_turnout_p, spoilt_votes, spoilt_votes_p) VALUES (230, 52762, 74.1, 630, 0.9);
INSERT INTO candidate (id, constituency_id, name, party, coalition) VALUES (604, 230, "Chong Kon Fatt", "STAR", "STAR");
INSERT INTO result (constituency_id, candidate_id, votes, votes_p, winner, majority) VALUES (230, 604, 306, 0.6, 0, 0);
INSERT INTO candidate (id, constituency_id, name, party, coalition) VALUES (605, 231, "Anyi Ngau", "SPDP", "BN");
INSERT INTO result (constituency_id, candidate_id, votes, votes_p, winner, majority) VALUES (231, 605, 9182, 48.9, 1, 194);
INSERT INTO candidate (id, constituency_id, name, party, coalition) VALUES (606, 231, "Roland Engan", "PKR", "PR");
INSERT INTO result (constituency_id, candidate_id, votes, votes_p, winner, majority) VALUES (231, 606, 8988, 47.9, 0, 0);
INSERT INTO constituency (id, code, name, state_id, incumbent, eligible_voters, malay_voters, chinese_voters, indian_voters, others_voters, muslim_bumi_voters, non_muslim_bumi_voters, latitude, longitude) VALUES (231, "P220", "Baram", 15, "Jacob Dungau Sagan (BN-SPDP)", 29385, 0, 9, 0, 0, 21, 70, 4.1390063, 114.3579131);
INSERT INTO stat (constituency_id, voter_turnout, voter_turnout_p, spoilt_votes, spoilt_votes_p) VALUES (231, 18775, 63.9, 242, 0.8);
INSERT INTO candidate (id, constituency_id, name, party, coalition) VALUES (607, 231, "Patrick Sibat Sujang", "IND", "IND");
INSERT INTO result (constituency_id, candidate_id, votes, votes_p, winner, majority) VALUES (231, 607, 363, 1.9, 0, 0);
INSERT INTO candidate (id, constituency_id, name, party, coalition) VALUES (608, 232, "Hasbi Habibollah", "PBB", "BN");
INSERT INTO result (constituency_id, candidate_id, votes, votes_p, winner, majority) VALUES (232, 608, 12999, 72.8, 1, 8301);
INSERT INTO candidate (id, constituency_id, name, party, coalition) VALUES (609, 232, "Baru Bian", "PKR", "PR");
INSERT INTO result (constituency_id, candidate_id, votes, votes_p, winner, majority) VALUES (232, 609, 4698, 26.3, 0, 0);
INSERT INTO constituency (id, code, name, state_id, incumbent, eligible_voters, malay_voters, chinese_voters, indian_voters, others_voters, muslim_bumi_voters, non_muslim_bumi_voters, latitude, longitude) VALUES (232, "P221", "Limbang", 15, "Hasbi Habibollah (BN-PBB)", 24278, 0, 19, 0, 0, 45, 35, 4.755032, 115.0081459);
INSERT INTO stat (constituency_id, voter_turnout, voter_turnout_p, spoilt_votes, spoilt_votes_p) VALUES (232, 17859, 73.6, 162, 0.7);
INSERT INTO candidate (id, constituency_id, name, party, coalition) VALUES (610, 233, "Henry Sum Agong", "PBB", "BN");
INSERT INTO result (constituency_id, candidate_id, votes, votes_p, winner, majority) VALUES (233, 610, 9928, 70.6, 1, 6030);
INSERT INTO candidate (id, constituency_id, name, party, coalition) VALUES (611, 233, "Baru Langup", "DAP", "PR");
INSERT INTO result (constituency_id, candidate_id, votes, votes_p, winner, majority) VALUES (233, 611, 3898, 27.7, 0, 0);
INSERT INTO constituency (id, code, name, state_id, incumbent, eligible_voters, malay_voters, chinese_voters, indian_voters, others_voters, muslim_bumi_voters, non_muslim_bumi_voters, latitude, longitude) VALUES (233, "P222", "Lawas", 15, "Henry Sum Agong (BN-PBB)", 18845, 0, 10, 0, 0, 43, 47, 4.83495, 115.393738);
INSERT INTO stat (constituency_id, voter_turnout, voter_turnout_p, spoilt_votes, spoilt_votes_p) VALUES (233, 14072, 74.7, 177, 0.9);
INSERT INTO candidate (id, constituency_id, name, party, coalition) VALUES (612, 233, "Alirahman Kamseh", "STAR", "STAR");
INSERT INTO result (constituency_id, candidate_id, votes, votes_p, winner, majority) VALUES (233, 612, 69, 0.5, 0, 0);
